                variables                     expression                                                                                                                                                                                              train_spec test_spec function_set
name                                                                                                                                                                                                                                                                                   
fn_d_all_6dc_5          6  0*x1+0*x2+0*x3+0*x4+0*x5+0*x6  {"x1": {"U": [-0.3, 0.3, 50000]}, "x2": {"U": [-0.3, 0.3, 50000]}, "x3": {"U": [-0.3, 0.3, 50000]}, "x4": {"U": [-0.3, 0.3, 50000]}, "x5": {"U": [-0.3, 0.3, 50000]}, "x6": {"U": [-0.3, 0.3, 50000]}}      None         Koza

-- BUILDING DATASET START -----------
Benchmark path                 : /mnt/scratch/groups/powersys2/ALFD/libs/sd3/dso/dso/task/regression/benchmarks_bkup_1.csv
Generated data for benchmark   : fn_d_all_6dc_5
-- BUILDING DATASET END -------------

Function set                   : Koza --> ['add', 'n2']

[RUN SETTINGS]: test_dataset=fn_d_all_6dc_5  batch_outer_datasets=24 pre_train=False load_pre_trained_path= priority_queue_training=True gp_meld=True model=TransformerTreeEncoderController train_path= risk_seeking_pg_train=True
Running model : TransformerTreeEncoderController

-- BUILDING DATASET START -----------
Benchmark path                 : /mnt/scratch/groups/powersys2/ALFD/libs/sd3/dso/dso/task/regression/benchmarks_bkup_1.csv
Generated data for benchmark   : fn_d_all_6dc_5
-- BUILDING DATASET END -------------

Function set                   : Koza --> ['add', 'n2']


-- BUILDING DATASET START -----------
Benchmark path                 : /mnt/scratch/groups/powersys2/ALFD/libs/sd3/dso/dso/task/regression/benchmarks_bkup_1.csv
Generated data for benchmark   : fn_d_all_6dc_5
-- BUILDING DATASET END -------------

Function set                   : Koza --> ['add', 'n2']

-- BUILDING PRIOR START -------------
WARNING: Skipping invalid 'RepeatConstraint' with arguments {'tokens': 'const', 'min_': None, 'max_': 10}. Reason: Uses Tokens not in the Library.
WARNING: Skipping invalid 'InverseUnaryConstraint' with arguments {}. Reason: Prior disabled.
WARNING: Skipping invalid 'TrigConstraint' with arguments {}. Reason: Prior disabled.
WARNING: Skipping invalid 'ConstConstraint' with arguments {}. Reason: Prior disabled.
WARNING: Skipping invalid 'NoInputsConstraint' with arguments {}. Reason: All terminal tokens are input variables, so allsequences will have an input variable.
WARNING: Skipping invalid 'UniformArityPrior' with arguments {}. Reason: Prior disabled.
RelationalConstraint: [n2] cannot be a descendant of [n2].
LengthConstraint: Sequences have minimum length 12.
                  Sequences have maximum length 20.
SoftLengthPrior: No description available.
-- BUILDING PRIOR END ---------------

Transformer overwriting hidden size to input_dim 128
Encoder params: {'sinuisodal_embeddings': False, 'dec_pf_dim': 32, 'dec_layers': 1, 'dim_hidden': 128, 'lr': 0.0001, 'dropout': 0, 'num_features': 1, 'ln': True, 'N_p': 0, 'num_inds': 64, 'activation': 'relu', 'bit16': False, 'norm': True, 'linear': True, 'input_normalization': False, 'src_pad_idx': 0, 'trg_pad_idx': 0, 'length_eq': 20, 'n_l_enc': 3, 'mean': 0.5, 'std': 0.5, 'dim_input': 64, 'num_heads': 2, 'output_dim': 10}
TransformerTreeEncoderController parameters: 4062848 	 | trainable : 4062848
GP CONFIG : {'verbose': False, 'generations': 35, 'p_crossover': 0.5, 'p_mutate': 0.5, 'tournament_size': 7, 'train_n': 50, 'mutate_tree_max': 3}

-- BUILDING DATASET START -----------
Benchmark path                 : /mnt/scratch/groups/powersys2/ALFD/libs/sd3/dso/dso/task/regression/benchmarks_bkup_1.csv
Generated data for benchmark   : fn_d_all_6dc_5
-- BUILDING DATASET END -------------

Function set                   : Koza --> ['add', 'n2']

-- RUNNING EPOCHS START -------------
torch.Size([500, 318])
Genetic Porgramming Runtime 102.78271127305925

=========================PGD Collection Starts=========================

(10000,)

===================Collect 10000 Examples===================

Epsilon 0.1
500
(550,)
(550,)
(55,)
Number of Programs for Minimization: 28
28
(78809, 6)
(78809,)
(78809, 6)
(78809,)

=======================Successfully Added (28809, 6) Counter Examples=======================


============None of the candidates fulfill the conditions. Training CONTINUES!=================


============None of the candidates fulfill the conditions. Training CONTINUES!=================

(55, 318)

==============Start Supervised Learning==============

GP output mean: 0.9976639465226068
GP output success rate: 0.0

==============End Supervised Learning==============

[Test epoch=0001]  nevals=13695 	| train_loss=172.96040 	| eqs_invalid %=0.00 	| r_best=0.05696 	| quantile=0.02056 	| r_quantile_mean=0.02662 	| r_raw_sum=5.37294 	|  r_raw_mean=0.00977 	| r2=nan 	| acc_iid=0.00000 	| acc_ood=0.00000 	| nmse_test=10.0 	| true_equation_set_count=0 	| s/it=175.43013
[00:00:02:56.58] Training epoch 1/4000, current best R: 0.0570

	** New best
	Reward: 0.05696485784671065
	Count Off-policy: 0
	Count On-policy: 1
	Originally on Policy: True
	Invalid: False
	Traversal: n2,add,x2,add,x3,add,x4,add,x1,add,x6,x1
	Expression:

	                            2
	  (2⋅x₁ + x₂ + x₃ + x₄ + x₆) 

Genetic Porgramming Runtime 128.4867537803948

=========================PGD Collection Starts=========================

(15761,)

===================Collect 15761 Examples===================

Epsilon 0.1
500
(550,)
(550,)
(56,)
Number of Programs for Minimization: 29
29
(91612, 6)
(91612,)
(91613, 6)
(91613,)

=======================Successfully Added (12804, 6) Counter Examples=======================


============None of the candidates fulfill the conditions. Training CONTINUES!=================


============None of the candidates fulfill the conditions. Training CONTINUES!=================

(56, 318)

==============Start Supervised Learning==============

GP output mean: 0.9951173500749818
GP output success rate: 0.0

==============End Supervised Learning==============

[Test epoch=0002]  nevals=27493 	| train_loss=144.95792 	| eqs_invalid %=0.00 	| r_best=0.05696 	| quantile=0.01126 	| r_quantile_mean=0.01436 	| r_raw_sum=2.95161 	|  r_raw_mean=0.00537 	| r2=nan 	| acc_iid=0.00000 	| acc_ood=0.00000 	| nmse_test=10.0 	| true_equation_set_count=0 	| s/it=189.23745
Genetic Porgramming Runtime 159.2334290072322

=========================PGD Collection Starts=========================

(18322,)

===================Collect 18322 Examples===================

Epsilon 0.1
500
(550,)
(550,)
(55,)
Number of Programs for Minimization: 29
29
(100000, 6)
(100000,)
(100000, 6)
(100000,)

=======================Successfully Added (19206, 6) Counter Examples=======================


============None of the candidates fulfill the conditions. Training CONTINUES!=================


============None of the candidates fulfill the conditions. Training CONTINUES!=================

(55, 318)

==============Start Supervised Learning==============

GP output mean: 0.9959347357666959
GP output success rate: 0.0

==============End Supervised Learning==============

[Test epoch=0003]  nevals=41310 	| train_loss=175.84766 	| eqs_invalid %=0.00 	| r_best=0.05696 	| quantile=0.01241 	| r_quantile_mean=0.01681 	| r_raw_sum=3.68784 	|  r_raw_mean=0.00671 	| r2=nan 	| acc_iid=0.00000 	| acc_ood=0.00000 	| nmse_test=10.0 	| true_equation_set_count=0 	| s/it=226.55937
Genetic Porgramming Runtime 124.12699532695115

=========================PGD Collection Starts=========================

(20000,)

===================Collect 20000 Examples===================

Epsilon 0.1
500
(550,)
(550,)
(55,)
Number of Programs for Minimization: 28
28
(100000, 6)
(100000,)
(100000, 6)
(100000,)

=======================Successfully Added (9603, 6) Counter Examples=======================


============None of the candidates fulfill the conditions. Training CONTINUES!=================


============None of the candidates fulfill the conditions. Training CONTINUES!=================

(55, 318)

==============Start Supervised Learning==============

GP output mean: 0.9962289396520169
GP output success rate: 0.0

==============End Supervised Learning==============

[Test epoch=0004]  nevals=55020 	| train_loss=148.40071 	| eqs_invalid %=0.00 	| r_best=0.05696 	| quantile=0.01415 	| r_quantile_mean=0.01734 	| r_raw_sum=4.05725 	|  r_raw_mean=0.00738 	| r2=nan 	| acc_iid=0.00000 	| acc_ood=0.00000 	| nmse_test=10.0 	| true_equation_set_count=0 	| s/it=190.82335
Genetic Porgramming Runtime 143.10493811778724

=========================PGD Collection Starts=========================

(20000,)

===================Collect 20000 Examples===================

Epsilon 0.1
500
(550,)
(550,)
(55,)
Number of Programs for Minimization: 29
29
(100000, 6)
(100000,)
(100000, 6)
(100000,)

=======================Successfully Added (19206, 6) Counter Examples=======================


============None of the candidates fulfill the conditions. Training CONTINUES!=================


============None of the candidates fulfill the conditions. Training CONTINUES!=================

(55, 318)

==============Start Supervised Learning==============

GP output mean: 0.9993783104803846
GP output success rate: 0.0

==============End Supervised Learning==============

[Test epoch=0005]  nevals=68752 	| train_loss=133.85083 	| eqs_invalid %=0.00 	| r_best=0.05696 	| quantile=0.01405 	| r_quantile_mean=0.01667 	| r_raw_sum=4.24428 	|  r_raw_mean=0.00772 	| r2=nan 	| acc_iid=0.00000 	| acc_ood=0.00000 	| nmse_test=10.0 	| true_equation_set_count=0 	| s/it=205.41230
[00:00:16:28.75] Training epoch 5/4000, current best R: 0.0570
Genetic Porgramming Runtime 156.91645413078368

=========================PGD Collection Starts=========================

(20000,)

===================Collect 20000 Examples===================

Epsilon 0.1
500
(550,)
(550,)
(55,)
Number of Programs for Minimization: 28
28
(100000, 6)
(100000,)
(100000, 6)
(100000,)

=======================Successfully Added (16005, 6) Counter Examples=======================


============None of the candidates fulfill the conditions. Training CONTINUES!=================


============None of the candidates fulfill the conditions. Training CONTINUES!=================

(55, 318)

==============Start Supervised Learning==============

GP output mean: 0.9986944370094417
GP output success rate: 0.0

==============End Supervised Learning==============

[Test epoch=0006]  nevals=82557 	| train_loss=111.72878 	| eqs_invalid %=0.00 	| r_best=0.05696 	| quantile=0.01575 	| r_quantile_mean=0.01908 	| r_raw_sum=4.55271 	|  r_raw_mean=0.00828 	| r2=nan 	| acc_iid=0.00000 	| acc_ood=0.00000 	| nmse_test=10.0 	| true_equation_set_count=0 	| s/it=208.28495
Genetic Porgramming Runtime 172.57453441619873

=========================PGD Collection Starts=========================

(20000,)

===================Collect 20000 Examples===================

Epsilon 0.1
500
(550,)
(550,)
(55,)
Number of Programs for Minimization: 29
29
(100000, 6)
(100000,)
(100000, 6)
(100000,)

=======================Successfully Added (22407, 6) Counter Examples=======================


============None of the candidates fulfill the conditions. Training CONTINUES!=================


============None of the candidates fulfill the conditions. Training CONTINUES!=================

(55, 318)

==============Start Supervised Learning==============

GP output mean: 0.9970861069004388
GP output success rate: 0.0

==============End Supervised Learning==============

[Test epoch=0007]  nevals=96225 	| train_loss=87.82314 	| eqs_invalid %=0.00 	| r_best=0.05696 	| quantile=0.01671 	| r_quantile_mean=0.01997 	| r_raw_sum=4.70025 	|  r_raw_mean=0.00855 	| r2=nan 	| acc_iid=0.00000 	| acc_ood=0.00000 	| nmse_test=10.0 	| true_equation_set_count=0 	| s/it=242.62582
Genetic Porgramming Runtime 125.5113831050694

=========================PGD Collection Starts=========================

(20000,)

===================Collect 20000 Examples===================

Epsilon 0.1
500
(550,)
(550,)
(55,)
Number of Programs for Minimization: 33
33
(100000, 6)
(100000,)
(100000, 6)
(100000,)

=======================Successfully Added (12804, 6) Counter Examples=======================


============None of the candidates fulfill the conditions. Training CONTINUES!=================


============None of the candidates fulfill the conditions. Training CONTINUES!=================

(55, 318)

==============Start Supervised Learning==============

GP output mean: 0.9971158512558873
GP output success rate: 0.0

==============End Supervised Learning==============

[Test epoch=0008]  nevals=110027 	| train_loss=67.59898 	| eqs_invalid %=0.00 	| r_best=0.05696 	| quantile=0.01584 	| r_quantile_mean=0.01946 	| r_raw_sum=4.89137 	|  r_raw_mean=0.00889 	| r2=nan 	| acc_iid=0.00000 	| acc_ood=0.00000 	| nmse_test=10.0 	| true_equation_set_count=0 	| s/it=184.15150
Genetic Porgramming Runtime 150.00867717713118

=========================PGD Collection Starts=========================

(20000,)

===================Collect 20000 Examples===================

Epsilon 0.1
500
(550,)
(550,)
(60,)
Number of Programs for Minimization: 31
31
(100000, 6)
(100000,)
(100000, 6)
(100000,)

=======================Successfully Added (3201, 6) Counter Examples=======================


============None of the candidates fulfill the conditions. Training CONTINUES!=================


============None of the candidates fulfill the conditions. Training CONTINUES!=================

(60, 318)

==============Start Supervised Learning==============

GP output mean: 0.9990018852665427
GP output success rate: 0.0

==============End Supervised Learning==============

[Test epoch=0009]  nevals=123810 	| train_loss=182.23590 	| eqs_invalid %=0.00 	| r_best=0.05696 	| quantile=0.01694 	| r_quantile_mean=0.02134 	| r_raw_sum=4.85406 	|  r_raw_mean=0.00883 	| r2=nan 	| acc_iid=0.00000 	| acc_ood=0.00000 	| nmse_test=10.0 	| true_equation_set_count=0 	| s/it=205.74048
Genetic Porgramming Runtime 116.11004291661084

=========================PGD Collection Starts=========================

(20000,)

===================Collect 20000 Examples===================

Epsilon 0.1
500
(550,)
(550,)
(55,)
Number of Programs for Minimization: 29
29
(100000, 6)
(100000,)
(100000, 6)
(100000,)

=======================Successfully Added (32010, 6) Counter Examples=======================


============None of the candidates fulfill the conditions. Training CONTINUES!=================


============None of the candidates fulfill the conditions. Training CONTINUES!=================

(55, 318)

==============Start Supervised Learning==============

GP output mean: 0.9917432500377981
GP output success rate: 0.0

==============End Supervised Learning==============

[Test epoch=0010]  nevals=137546 	| train_loss=479.15436 	| eqs_invalid %=0.00 	| r_best=0.17539 	| quantile=0.01411 	| r_quantile_mean=0.02180 	| r_raw_sum=4.32734 	|  r_raw_mean=0.00787 	| r2=nan 	| acc_iid=0.00000 	| acc_ood=0.00000 	| nmse_test=0.028410035335846896 	| true_equation_set_count=0 	| s/it=185.36978
[00:00:33:34.92] Training epoch 10/4000, current best R: 0.1754

	** New best
	Reward: 0.1753941204679165
	Count Off-policy: 1
	Count On-policy: 0
	Originally on Policy: False
	Invalid: False
	Traversal: n2,n2,n2,add,n2,x2,add,x5,n2,add,n2,x6,add,add,n2,x1,n2,x3,n2,x4
	Expression:

	                                       8
	  ⎛                                  2⎞ 
	  ⎜  2        ⎛  2     2     2     2⎞ ⎟ 
	  ⎝x₂  + x₅ + ⎝x₁  + x₃  + x₄  + x₆ ⎠ ⎠ 

[00:00:33:34.92] Training epoch 10/4000, current best R: 0.1754
Genetic Porgramming Runtime 144.0885599926114

=========================PGD Collection Starts=========================

(20000,)

===================Collect 20000 Examples===================

Epsilon 0.1
500
(550,)
(550,)
(55,)
Number of Programs for Minimization: 29
29
(100000, 6)
(100000,)
(100000, 6)
(100000,)

=======================Successfully Added (28809, 6) Counter Examples=======================


============None of the candidates fulfill the conditions. Training CONTINUES!=================


============None of the candidates fulfill the conditions. Training CONTINUES!=================

(55, 318)

==============Start Supervised Learning==============

GP output mean: 0.9945775718703123
GP output success rate: 0.0

==============End Supervised Learning==============

[Test epoch=0011]  nevals=151233 	| train_loss=152.17314 	| eqs_invalid %=0.00 	| r_best=0.17539 	| quantile=0.01218 	| r_quantile_mean=0.01425 	| r_raw_sum=3.49805 	|  r_raw_mean=0.00636 	| r2=nan 	| acc_iid=0.00000 	| acc_ood=0.00000 	| nmse_test=0.028410035335846896 	| true_equation_set_count=0 	| s/it=220.11500
Genetic Porgramming Runtime 137.586129700765

=========================PGD Collection Starts=========================

(20000,)

===================Collect 20000 Examples===================

Epsilon 0.1
500
(550,)
(550,)
(56,)
Number of Programs for Minimization: 31
31
(100000, 6)
(100000,)
(100000, 6)
(100000,)

=======================Successfully Added (6402, 6) Counter Examples=======================


============None of the candidates fulfill the conditions. Training CONTINUES!=================


============None of the candidates fulfill the conditions. Training CONTINUES!=================

(56, 318)

==============Start Supervised Learning==============

GP output mean: 0.9912417850032523
GP output success rate: 0.0

==============End Supervised Learning==============

[Test epoch=0012]  nevals=164884 	| train_loss=142.72540 	| eqs_invalid %=0.00 	| r_best=0.17539 	| quantile=0.01381 	| r_quantile_mean=0.01690 	| r_raw_sum=4.21823 	|  r_raw_mean=0.00767 	| r2=nan 	| acc_iid=0.00000 	| acc_ood=0.00000 	| nmse_test=0.028410035335846896 	| true_equation_set_count=0 	| s/it=195.47944
Genetic Porgramming Runtime 136.99824826046824

=========================PGD Collection Starts=========================

(20000,)

===================Collect 20000 Examples===================

Epsilon 0.1
500
(550,)
(550,)
(55,)
Number of Programs for Minimization: 28
28
(100000, 6)
(100000,)
(100000, 6)
(100000,)

=======================Successfully Added (6402, 6) Counter Examples=======================


============None of the candidates fulfill the conditions. Training CONTINUES!=================


============None of the candidates fulfill the conditions. Training CONTINUES!=================

(55, 318)

==============Start Supervised Learning==============

GP output mean: 0.9911066921590694
GP output success rate: 0.0

==============End Supervised Learning==============

[Test epoch=0013]  nevals=178531 	| train_loss=111.12782 	| eqs_invalid %=0.00 	| r_best=0.17539 	| quantile=0.01563 	| r_quantile_mean=0.01907 	| r_raw_sum=4.47529 	|  r_raw_mean=0.00814 	| r2=nan 	| acc_iid=0.00000 	| acc_ood=0.00000 	| nmse_test=0.028410035335846896 	| true_equation_set_count=0 	| s/it=196.24915
Genetic Porgramming Runtime 140.0887435246259

=========================PGD Collection Starts=========================

(20000,)

===================Collect 20000 Examples===================

Epsilon 0.1
500
(550,)
(550,)
(60,)
Number of Programs for Minimization: 29
29
(100000, 6)
(100000,)
(100000, 6)
(100000,)

=======================Successfully Added (0,) Counter Examples=======================


============None of the candidates fulfill the conditions. Training CONTINUES!=================


============None of the candidates fulfill the conditions. Training CONTINUES!=================

(60, 318)

==============Start Supervised Learning==============

GP output mean: 0.9946362365765528
GP output success rate: 0.0

==============End Supervised Learning==============

[Test epoch=0014]  nevals=192233 	| train_loss=101.35701 	| eqs_invalid %=0.00 	| r_best=0.17539 	| quantile=0.01771 	| r_quantile_mean=0.02126 	| r_raw_sum=5.21074 	|  r_raw_mean=0.00947 	| r2=nan 	| acc_iid=0.00000 	| acc_ood=0.00000 	| nmse_test=0.028410035335846896 	| true_equation_set_count=0 	| s/it=192.48916
Genetic Porgramming Runtime 164.1616123970598

=========================PGD Collection Starts=========================

(20000,)

===================Collect 20000 Examples===================

Epsilon 0.1
500
(550,)
(550,)
(58,)
Number of Programs for Minimization: 28
28
(100000, 6)
(100000,)
(100000, 6)
(100000,)

=======================Successfully Added (0,) Counter Examples=======================


============None of the candidates fulfill the conditions. Training CONTINUES!=================


============None of the candidates fulfill the conditions. Training CONTINUES!=================

(58, 318)

==============Start Supervised Learning==============

GP output mean: 0.9967738968275995
GP output success rate: 0.0

==============End Supervised Learning==============

[Test epoch=0015]  nevals=205953 	| train_loss=228.87903 	| eqs_invalid %=0.00 	| r_best=0.17539 	| quantile=0.02254 	| r_quantile_mean=0.02734 	| r_raw_sum=6.89515 	|  r_raw_mean=0.01254 	| r2=nan 	| acc_iid=0.00000 	| acc_ood=0.00000 	| nmse_test=0.028410035335846896 	| true_equation_set_count=0 	| s/it=213.33463
[00:00:50:32.59] Training epoch 15/4000, current best R: 0.1754
Genetic Porgramming Runtime 144.46497815474868

=========================PGD Collection Starts=========================

(20000,)

===================Collect 20000 Examples===================

Epsilon 0.1
500
(550,)
(550,)
(56,)
Number of Programs for Minimization: 28
28
(100000, 6)
(100000,)
(100000, 6)
(100000,)

=======================Successfully Added (0,) Counter Examples=======================


============None of the candidates fulfill the conditions. Training CONTINUES!=================


============None of the candidates fulfill the conditions. Training CONTINUES!=================

(56, 318)

==============Start Supervised Learning==============

GP output mean: 0.9933744219033949
GP output success rate: 0.0

==============End Supervised Learning==============

[Test epoch=0016]  nevals=219674 	| train_loss=113.54489 	| eqs_invalid %=0.00 	| r_best=0.17539 	| quantile=0.01924 	| r_quantile_mean=0.02417 	| r_raw_sum=5.95855 	|  r_raw_mean=0.01083 	| r2=nan 	| acc_iid=0.00000 	| acc_ood=0.00000 	| nmse_test=0.028410035335846896 	| true_equation_set_count=0 	| s/it=199.93248
Genetic Porgramming Runtime 155.20542276836932

=========================PGD Collection Starts=========================

(20000,)

===================Collect 20000 Examples===================

Epsilon 0.1
500
(550,)
(550,)
(57,)
Number of Programs for Minimization: 29
29
(100000, 6)
(100000,)
(100000, 6)
(100000,)

=======================Successfully Added (0,) Counter Examples=======================


============None of the candidates fulfill the conditions. Training CONTINUES!=================


============None of the candidates fulfill the conditions. Training CONTINUES!=================

(57, 318)

==============Start Supervised Learning==============

GP output mean: 0.9969730052119719
GP output success rate: 0.0

==============End Supervised Learning==============

[Test epoch=0017]  nevals=233335 	| train_loss=70.40417 	| eqs_invalid %=0.00 	| r_best=0.17539 	| quantile=0.02027 	| r_quantile_mean=0.02670 	| r_raw_sum=6.29200 	|  r_raw_mean=0.01144 	| r2=nan 	| acc_iid=0.00000 	| acc_ood=0.00000 	| nmse_test=0.028410035335846896 	| true_equation_set_count=0 	| s/it=208.01522
Genetic Porgramming Runtime 134.65794148482382

=========================PGD Collection Starts=========================

(20000,)

===================Collect 20000 Examples===================

Epsilon 0.1
500
(550,)
(550,)
(58,)
Number of Programs for Minimization: 28
28
(100000, 6)
(100000,)
(100000, 6)
(100000,)

=======================Successfully Added (0,) Counter Examples=======================


============None of the candidates fulfill the conditions. Training CONTINUES!=================


============None of the candidates fulfill the conditions. Training CONTINUES!=================

(58, 318)

==============Start Supervised Learning==============

GP output mean: 0.9998558957960857
GP output success rate: 0.0

==============End Supervised Learning==============

[Test epoch=0018]  nevals=247034 	| train_loss=92.26606 	| eqs_invalid %=0.00 	| r_best=0.17539 	| quantile=0.02202 	| r_quantile_mean=0.02961 	| r_raw_sum=7.02540 	|  r_raw_mean=0.01277 	| r2=nan 	| acc_iid=0.00000 	| acc_ood=0.00000 	| nmse_test=0.028410035335846896 	| true_equation_set_count=0 	| s/it=185.92152
Genetic Porgramming Runtime 133.52704706043005

=========================PGD Collection Starts=========================

(20000,)

===================Collect 20000 Examples===================

Epsilon 0.1
500
(550,)
(550,)
(57,)
Number of Programs for Minimization: 31
31
(100000, 6)
(100000,)
(100000, 6)
(100000,)

=======================Successfully Added (0,) Counter Examples=======================


============None of the candidates fulfill the conditions. Training CONTINUES!=================


============None of the candidates fulfill the conditions. Training CONTINUES!=================

(57, 318)

==============Start Supervised Learning==============

GP output mean: 0.9897289274989101
GP output success rate: 0.0

==============End Supervised Learning==============

[Test epoch=0019]  nevals=260767 	| train_loss=99.08432 	| eqs_invalid %=0.00 	| r_best=0.17539 	| quantile=0.01417 	| r_quantile_mean=0.01738 	| r_raw_sum=3.75542 	|  r_raw_mean=0.00683 	| r2=nan 	| acc_iid=0.00000 	| acc_ood=0.00000 	| nmse_test=0.028410035335846896 	| true_equation_set_count=0 	| s/it=188.40474
Genetic Porgramming Runtime 157.46008714474738

=========================PGD Collection Starts=========================

(20000,)

===================Collect 20000 Examples===================

Epsilon 0.1
500
(550,)
(550,)
(57,)
Number of Programs for Minimization: 28
28
(100000, 6)
(100000,)
(100000, 6)
(100000,)

=======================Successfully Added (0,) Counter Examples=======================


============None of the candidates fulfill the conditions. Training CONTINUES!=================


============None of the candidates fulfill the conditions. Training CONTINUES!=================

(57, 318)

==============Start Supervised Learning==============

GP output mean: 0.9984335605351193
GP output success rate: 0.0

==============End Supervised Learning==============

[Test epoch=0020]  nevals=274397 	| train_loss=80.81502 	| eqs_invalid %=0.00 	| r_best=0.17539 	| quantile=0.01363 	| r_quantile_mean=0.01651 	| r_raw_sum=3.39397 	|  r_raw_mean=0.00617 	| r2=nan 	| acc_iid=0.00000 	| acc_ood=0.00000 	| nmse_test=0.028410035335846896 	| true_equation_set_count=0 	| s/it=221.40627
[00:01:07:16.27] Training epoch 20/4000, current best R: 0.1754
Genetic Porgramming Runtime 162.6937550585717

=========================PGD Collection Starts=========================

(20000,)

===================Collect 20000 Examples===================

Epsilon 0.1
500
(550,)
(550,)
(55,)
Number of Programs for Minimization: 35
35
(100000, 6)
(100000,)
(100000, 6)
(100000,)

=======================Successfully Added (0,) Counter Examples=======================


============None of the candidates fulfill the conditions. Training CONTINUES!=================


============None of the candidates fulfill the conditions. Training CONTINUES!=================

(55, 318)

==============Start Supervised Learning==============

GP output mean: 0.9989534318165886
GP output success rate: 0.0

==============End Supervised Learning==============

[Test epoch=0021]  nevals=288192 	| train_loss=133.75363 	| eqs_invalid %=0.00 	| r_best=0.17539 	| quantile=0.01693 	| r_quantile_mean=0.02019 	| r_raw_sum=4.36077 	|  r_raw_mean=0.00793 	| r2=nan 	| acc_iid=0.00000 	| acc_ood=0.00000 	| nmse_test=0.028410035335846896 	| true_equation_set_count=0 	| s/it=230.74405
Genetic Porgramming Runtime 164.1707502324134

=========================PGD Collection Starts=========================

(20000,)

===================Collect 20000 Examples===================

Epsilon 0.1
500
(550,)
(550,)
(55,)
Number of Programs for Minimization: 31
31
(100000, 6)
(100000,)
(100000, 6)
(100000,)

=======================Successfully Added (0,) Counter Examples=======================


============None of the candidates fulfill the conditions. Training CONTINUES!=================


============None of the candidates fulfill the conditions. Training CONTINUES!=================

(55, 318)

==============Start Supervised Learning==============

GP output mean: 0.9995778819520201
GP output success rate: 0.0

==============End Supervised Learning==============

[Test epoch=0022]  nevals=301937 	| train_loss=87.19950 	| eqs_invalid %=0.00 	| r_best=0.17539 	| quantile=0.02085 	| r_quantile_mean=0.02595 	| r_raw_sum=6.35274 	|  r_raw_mean=0.01155 	| r2=nan 	| acc_iid=0.00000 	| acc_ood=0.00000 	| nmse_test=0.028410035335846896 	| true_equation_set_count=0 	| s/it=227.69024
Genetic Porgramming Runtime 172.43252911232412

=========================PGD Collection Starts=========================

(20000,)

===================Collect 20000 Examples===================

Epsilon 0.1
500
(550,)
(550,)
(55,)
Number of Programs for Minimization: 30
30
(100000, 6)
(100000,)
(100000, 6)
(100000,)

=======================Successfully Added (0,) Counter Examples=======================


============None of the candidates fulfill the conditions. Training CONTINUES!=================


============None of the candidates fulfill the conditions. Training CONTINUES!=================

(55, 318)

==============Start Supervised Learning==============

GP output mean: 0.9987714147912097
GP output success rate: 0.0

==============End Supervised Learning==============

[Test epoch=0023]  nevals=315678 	| train_loss=329.67331 	| eqs_invalid %=0.00 	| r_best=0.17539 	| quantile=0.02314 	| r_quantile_mean=0.03208 	| r_raw_sum=7.22243 	|  r_raw_mean=0.01313 	| r2=nan 	| acc_iid=0.00000 	| acc_ood=0.00000 	| nmse_test=0.028410035335846896 	| true_equation_set_count=0 	| s/it=231.95715
Genetic Porgramming Runtime 181.30039344541728

=========================PGD Collection Starts=========================

(20000,)

===================Collect 20000 Examples===================

Epsilon 0.1
500
(550,)
(550,)
(61,)
Number of Programs for Minimization: 33
33
(100000, 6)
(100000,)
(100000, 6)
(100000,)

=======================Successfully Added (0,) Counter Examples=======================


============None of the candidates fulfill the conditions. Training CONTINUES!=================


============None of the candidates fulfill the conditions. Training CONTINUES!=================

(61, 318)

==============Start Supervised Learning==============

GP output mean: 0.9966784139973858
GP output success rate: 0.0

==============End Supervised Learning==============

[Test epoch=0024]  nevals=329435 	| train_loss=inf 	| eqs_invalid %=0.00 	| r_best=0.17539 	| quantile=0.02217 	| r_quantile_mean=0.02972 	| r_raw_sum=6.64057 	|  r_raw_mean=0.01207 	| r2=nan 	| acc_iid=0.00000 	| acc_ood=0.00000 	| nmse_test=0.028410035335846896 	| true_equation_set_count=0 	| s/it=246.28819
Genetic Porgramming Runtime 166.3783691879362

=========================PGD Collection Starts=========================

(20000,)

===================Collect 20000 Examples===================

Epsilon 0.1
500
(550,)
(550,)
(55,)
Number of Programs for Minimization: 28
28
(100000, 6)
(100000,)
(100000, 6)
(100000,)

=======================Successfully Added (0,) Counter Examples=======================


============None of the candidates fulfill the conditions. Training CONTINUES!=================


============None of the candidates fulfill the conditions. Training CONTINUES!=================

(55, 318)

==============Start Supervised Learning==============

GP output mean: 0.9986360200486525
GP output success rate: 0.0

==============End Supervised Learning==============

[Test epoch=0025]  nevals=343216 	| train_loss=121.53640 	| eqs_invalid %=0.00 	| r_best=0.17539 	| quantile=0.02461 	| r_quantile_mean=0.03170 	| r_raw_sum=7.36146 	|  r_raw_mean=0.01338 	| r2=nan 	| acc_iid=0.00000 	| acc_ood=0.00000 	| nmse_test=0.028410035335846896 	| true_equation_set_count=0 	| s/it=225.19079
[00:01:26:38.15] Training epoch 25/4000, current best R: 0.1754
Genetic Porgramming Runtime 135.01987926661968

=========================PGD Collection Starts=========================

(20000,)

===================Collect 20000 Examples===================

Epsilon 0.1
500
(550,)
(550,)
(62,)
Number of Programs for Minimization: 28
28
(100000, 6)
(100000,)
(100000, 6)
(100000,)

=======================Successfully Added (0,) Counter Examples=======================


============None of the candidates fulfill the conditions. Training CONTINUES!=================


============None of the candidates fulfill the conditions. Training CONTINUES!=================

(62, 318)

==============Start Supervised Learning==============

GP output mean: 0.9994268671937909
GP output success rate: 0.0

==============End Supervised Learning==============

[Test epoch=0026]  nevals=356904 	| train_loss=inf 	| eqs_invalid %=0.00 	| r_best=0.17539 	| quantile=0.02299 	| r_quantile_mean=0.03055 	| r_raw_sum=6.64145 	|  r_raw_mean=0.01208 	| r2=nan 	| acc_iid=0.00000 	| acc_ood=0.00000 	| nmse_test=0.028410035335846896 	| true_equation_set_count=0 	| s/it=191.95592
Genetic Porgramming Runtime 143.40391747280955

=========================PGD Collection Starts=========================

(20000,)

===================Collect 20000 Examples===================

Epsilon 0.1
500
(550,)
(550,)
(58,)
Number of Programs for Minimization: 29
29
(100000, 6)
(100000,)
(100000, 6)
(100000,)

=======================Successfully Added (0,) Counter Examples=======================


============None of the candidates fulfill the conditions. Training CONTINUES!=================


============None of the candidates fulfill the conditions. Training CONTINUES!=================

(58, 318)

==============Start Supervised Learning==============

GP output mean: 0.9973296710727937
GP output success rate: 0.0

==============End Supervised Learning==============

[Test epoch=0027]  nevals=370681 	| train_loss=122.13487 	| eqs_invalid %=0.00 	| r_best=0.17539 	| quantile=0.02131 	| r_quantile_mean=0.02827 	| r_raw_sum=5.82522 	|  r_raw_mean=0.01059 	| r2=nan 	| acc_iid=0.00000 	| acc_ood=0.00000 	| nmse_test=0.028410035335846896 	| true_equation_set_count=0 	| s/it=200.25897
Genetic Porgramming Runtime 132.97040756233037

=========================PGD Collection Starts=========================


===================Collect 16148 Examples===================

Epsilon 0.1
500
(550,)
(550,)
(56,)
Number of Programs for Minimization: 29
29
(100000, 6)
(100000,)
(100000, 6)
(100000,)

=======================Successfully Added (0,) Counter Examples=======================


============None of the candidates fulfill the conditions. Training CONTINUES!=================


============None of the candidates fulfill the conditions. Training CONTINUES!=================

(56, 318)

==============Start Supervised Learning==============

GP output mean: 0.2140199408776226
GP output success rate: 0.0

==============End Supervised Learning==============

[Test epoch=0028]  nevals=384504 	| train_loss=121.49480 	| eqs_invalid %=0.00 	| r_best=0.17539 	| quantile=0.01966 	| r_quantile_mean=0.02534 	| r_raw_sum=5.55393 	|  r_raw_mean=0.01010 	| r2=nan 	| acc_iid=0.00000 	| acc_ood=0.00000 	| nmse_test=0.028410035335846896 	| true_equation_set_count=0 	| s/it=183.14861
Genetic Porgramming Runtime 144.5200662277639

=========================PGD Collection Starts=========================

(20000,)

===================Collect 20000 Examples===================

Epsilon 0.1
500
(550,)
(550,)
(59,)
Number of Programs for Minimization: 30
30
(100000, 6)
(100000,)
(100000, 6)
(100000,)

=======================Successfully Added (0,) Counter Examples=======================


============None of the candidates fulfill the conditions. Training CONTINUES!=================


============None of the candidates fulfill the conditions. Training CONTINUES!=================

(59, 318)

==============Start Supervised Learning==============

GP output mean: 0.9978736834108626
GP output success rate: 0.0

==============End Supervised Learning==============

[Test epoch=0029]  nevals=398173 	| train_loss=90.91428 	| eqs_invalid %=0.00 	| r_best=0.17539 	| quantile=0.02142 	| r_quantile_mean=0.02660 	| r_raw_sum=6.23863 	|  r_raw_mean=0.01134 	| r2=nan 	| acc_iid=0.00000 	| acc_ood=0.00000 	| nmse_test=0.028410035335846896 	| true_equation_set_count=0 	| s/it=205.38972
Genetic Porgramming Runtime 133.93786639347672

=========================PGD Collection Starts=========================

(20000,)

===================Collect 20000 Examples===================

Epsilon 0.1
500
(550,)
(550,)
(67,)
Number of Programs for Minimization: 31
31
(100000, 6)
(100000,)
(100000, 6)
(100000,)

=======================Successfully Added (0,) Counter Examples=======================


============None of the candidates fulfill the conditions. Training CONTINUES!=================


============None of the candidates fulfill the conditions. Training CONTINUES!=================

(67, 318)

==============Start Supervised Learning==============

GP output mean: 0.9872306159536494
GP output success rate: 0.0

==============End Supervised Learning==============

[Test epoch=0030]  nevals=412015 	| train_loss=100.88578 	| eqs_invalid %=0.00 	| r_best=0.17539 	| quantile=0.02786 	| r_quantile_mean=0.03479 	| r_raw_sum=7.55955 	|  r_raw_mean=0.01374 	| r2=nan 	| acc_iid=0.00000 	| acc_ood=0.00000 	| nmse_test=0.028410035335846896 	| true_equation_set_count=0 	| s/it=190.09593
[00:01:42:49.00] Training epoch 30/4000, current best R: 0.1754
Genetic Porgramming Runtime 173.32520391978323

=========================PGD Collection Starts=========================

(20000,)

===================Collect 20000 Examples===================

Epsilon 0.1
500
(550,)
(550,)
(58,)
Number of Programs for Minimization: 29
29
(100000, 6)
(100000,)
(100000, 6)
(100000,)

=======================Successfully Added (0,) Counter Examples=======================


============None of the candidates fulfill the conditions. Training CONTINUES!=================


============None of the candidates fulfill the conditions. Training CONTINUES!=================

(58, 318)

==============Start Supervised Learning==============

GP output mean: 0.9942016450948293
GP output success rate: 0.0

==============End Supervised Learning==============

[Test epoch=0031]  nevals=425767 	| train_loss=323.47290 	| eqs_invalid %=0.00 	| r_best=0.17539 	| quantile=0.02657 	| r_quantile_mean=0.03411 	| r_raw_sum=6.31157 	|  r_raw_mean=0.01148 	| r2=nan 	| acc_iid=0.00000 	| acc_ood=0.00000 	| nmse_test=0.028410035335846896 	| true_equation_set_count=0 	| s/it=234.63698
Genetic Porgramming Runtime 125.25100139342248

=========================PGD Collection Starts=========================


===================Collect 15520 Examples===================

Epsilon 0.1
500
(550,)
(550,)
(62,)
Number of Programs for Minimization: 29
29
(100000, 6)
(100000,)
(100000, 6)
(100000,)

=======================Successfully Added (0,) Counter Examples=======================


============None of the candidates fulfill the conditions. Training CONTINUES!=================


============None of the candidates fulfill the conditions. Training CONTINUES!=================

(62, 318)

==============Start Supervised Learning==============

GP output mean: 0.25131430225516554
GP output success rate: 0.0

==============End Supervised Learning==============

[Test epoch=0032]  nevals=439517 	| train_loss=90.36469 	| eqs_invalid %=0.00 	| r_best=0.17539 	| quantile=0.02655 	| r_quantile_mean=0.03602 	| r_raw_sum=7.60883 	|  r_raw_mean=0.01383 	| r2=nan 	| acc_iid=0.00000 	| acc_ood=0.00000 	| nmse_test=0.028410035335846896 	| true_equation_set_count=0 	| s/it=177.99288
Genetic Porgramming Runtime 144.71903339773417

=========================PGD Collection Starts=========================

(20000,)

===================Collect 20000 Examples===================

Epsilon 0.1
500
(550,)
(550,)
(63,)
Number of Programs for Minimization: 29
29
(100000, 6)
(100000,)
(100000, 6)
(100000,)

=======================Successfully Added (0,) Counter Examples=======================


============None of the candidates fulfill the conditions. Training CONTINUES!=================


============None of the candidates fulfill the conditions. Training CONTINUES!=================

(63, 318)

==============Start Supervised Learning==============

GP output mean: 0.9977610751948854
GP output success rate: 0.0

==============End Supervised Learning==============

[Test epoch=0033]  nevals=453136 	| train_loss=107.37951 	| eqs_invalid %=0.00 	| r_best=0.17539 	| quantile=0.02436 	| r_quantile_mean=0.03175 	| r_raw_sum=6.93736 	|  r_raw_mean=0.01261 	| r2=nan 	| acc_iid=0.00000 	| acc_ood=0.00000 	| nmse_test=0.028410035335846896 	| true_equation_set_count=0 	| s/it=204.11973
Genetic Porgramming Runtime 148.43321921117604

=========================PGD Collection Starts=========================

(20000,)

===================Collect 20000 Examples===================

Epsilon 0.1
500
(550,)
(550,)
(55,)
Number of Programs for Minimization: 30
30
(100000, 6)
(100000,)
(100000, 6)
(100000,)

=======================Successfully Added (0,) Counter Examples=======================


============None of the candidates fulfill the conditions. Training CONTINUES!=================


============None of the candidates fulfill the conditions. Training CONTINUES!=================

(55, 318)

==============Start Supervised Learning==============

GP output mean: 0.9984065582458256
GP output success rate: 0.0

==============End Supervised Learning==============

[Test epoch=0034]  nevals=466845 	| train_loss=115.97141 	| eqs_invalid %=0.00 	| r_best=0.17539 	| quantile=0.02598 	| r_quantile_mean=0.03330 	| r_raw_sum=6.73622 	|  r_raw_mean=0.01225 	| r2=nan 	| acc_iid=0.00000 	| acc_ood=0.00000 	| nmse_test=0.028410035335846896 	| true_equation_set_count=0 	| s/it=207.61462
Genetic Porgramming Runtime 147.54973569512367

=========================PGD Collection Starts=========================

(20000,)

===================Collect 20000 Examples===================

Epsilon 0.1
500
(550,)
(550,)
(55,)
Number of Programs for Minimization: 28
28
(100000, 6)
(100000,)
(100000, 6)
(100000,)

=======================Successfully Added (0,) Counter Examples=======================


============None of the candidates fulfill the conditions. Training CONTINUES!=================


============None of the candidates fulfill the conditions. Training CONTINUES!=================

(55, 318)

==============Start Supervised Learning==============

GP output mean: 0.9997311673597191
GP output success rate: 0.0

==============End Supervised Learning==============

[Test epoch=0035]  nevals=480534 	| train_loss=80.86951 	| eqs_invalid %=0.00 	| r_best=0.17539 	| quantile=0.02596 	| r_quantile_mean=0.03322 	| r_raw_sum=6.48047 	|  r_raw_mean=0.01178 	| r2=nan 	| acc_iid=0.00000 	| acc_ood=0.00000 	| nmse_test=0.028410035335846896 	| true_equation_set_count=0 	| s/it=207.88369
[00:02:00:01.24] Training epoch 35/4000, current best R: 0.1754
Genetic Porgramming Runtime 154.8501282799989

=========================PGD Collection Starts=========================

(20000,)

===================Collect 20000 Examples===================

Epsilon 0.1
500
(550,)
(550,)
(64,)
Number of Programs for Minimization: 34
34
(100000, 6)
(100000,)
(100000, 6)
(100000,)

=======================Successfully Added (0,) Counter Examples=======================


============None of the candidates fulfill the conditions. Training CONTINUES!=================


============None of the candidates fulfill the conditions. Training CONTINUES!=================

(64, 318)

==============Start Supervised Learning==============

GP output mean: 0.9994570909845286
GP output success rate: 0.0

==============End Supervised Learning==============

[Test epoch=0036]  nevals=494266 	| train_loss=93.01765 	| eqs_invalid %=0.00 	| r_best=0.17539 	| quantile=0.02875 	| r_quantile_mean=0.03839 	| r_raw_sum=7.20190 	|  r_raw_mean=0.01309 	| r2=nan 	| acc_iid=0.00000 	| acc_ood=0.00000 	| nmse_test=0.028410035335846896 	| true_equation_set_count=0 	| s/it=216.66574
Genetic Porgramming Runtime 130.03962329030037

=========================PGD Collection Starts=========================

(20000,)

===================Collect 20000 Examples===================

Epsilon 0.1
500
(550,)
(550,)
(55,)
Number of Programs for Minimization: 38
38
(100000, 6)
(100000,)
(100000, 6)
(100000,)

=======================Successfully Added (0,) Counter Examples=======================


============None of the candidates fulfill the conditions. Training CONTINUES!=================


============None of the candidates fulfill the conditions. Training CONTINUES!=================

(55, 318)

==============Start Supervised Learning==============

GP output mean: 0.9973721058193538
GP output success rate: 0.0

==============End Supervised Learning==============

[Test epoch=0037]  nevals=508079 	| train_loss=56.20602 	| eqs_invalid %=0.00 	| r_best=0.17539 	| quantile=0.03668 	| r_quantile_mean=0.04601 	| r_raw_sum=8.64573 	|  r_raw_mean=0.01572 	| r2=nan 	| acc_iid=0.00000 	| acc_ood=0.00000 	| nmse_test=0.028410035335846896 	| true_equation_set_count=0 	| s/it=187.81232
Genetic Porgramming Runtime 104.94694188050926

=========================PGD Collection Starts=========================

(20000,)

===================Collect 20000 Examples===================

Epsilon 0.1
500
(550,)
(550,)
(55,)
Number of Programs for Minimization: 35
35
(100000, 6)
(100000,)
(100000, 6)
(100000,)

=======================Successfully Added (0,) Counter Examples=======================


============None of the candidates fulfill the conditions. Training CONTINUES!=================


============None of the candidates fulfill the conditions. Training CONTINUES!=================

(55, 318)

==============Start Supervised Learning==============

GP output mean: 0.9934608427457583
GP output success rate: 0.0

==============End Supervised Learning==============

[Test epoch=0038]  nevals=521802 	| train_loss=149.83376 	| eqs_invalid %=0.00 	| r_best=0.17539 	| quantile=0.03114 	| r_quantile_mean=0.04248 	| r_raw_sum=8.64333 	|  r_raw_mean=0.01572 	| r2=nan 	| acc_iid=0.00000 	| acc_ood=0.00000 	| nmse_test=0.028410035335846896 	| true_equation_set_count=0 	| s/it=163.34524
Genetic Porgramming Runtime 112.89998457208276

=========================PGD Collection Starts=========================

(20000,)

===================Collect 20000 Examples===================

Epsilon 0.1
500
(550,)
(550,)
(56,)
Number of Programs for Minimization: 28
28
(100000, 6)
(100000,)
(100000, 6)
(100000,)

=======================Successfully Added (0,) Counter Examples=======================


============None of the candidates fulfill the conditions. Training CONTINUES!=================


============None of the candidates fulfill the conditions. Training CONTINUES!=================

(56, 318)

==============Start Supervised Learning==============

GP output mean: 0.9934332931427785
GP output success rate: 0.0

==============End Supervised Learning==============

[Test epoch=0039]  nevals=535507 	| train_loss=120.50552 	| eqs_invalid %=0.00 	| r_best=0.17539 	| quantile=0.02495 	| r_quantile_mean=0.03420 	| r_raw_sum=6.79981 	|  r_raw_mean=0.01236 	| r2=nan 	| acc_iid=0.00000 	| acc_ood=0.00000 	| nmse_test=0.028410035335846896 	| true_equation_set_count=0 	| s/it=171.36353
Genetic Porgramming Runtime 147.4294175170362

=========================PGD Collection Starts=========================

(20000,)

===================Collect 20000 Examples===================

Epsilon 0.1
500
(550,)
(550,)
(55,)
Number of Programs for Minimization: 34
34
(100000, 6)
(100000,)
(100000, 6)
(100000,)

=======================Successfully Added (0,) Counter Examples=======================


============None of the candidates fulfill the conditions. Training CONTINUES!=================


============None of the candidates fulfill the conditions. Training CONTINUES!=================

(55, 318)

==============Start Supervised Learning==============

GP output mean: 0.9662170205605729
GP output success rate: 0.0

==============End Supervised Learning==============

[Test epoch=0040]  nevals=549231 	| train_loss=107.09479 	| eqs_invalid %=0.00 	| r_best=0.17539 	| quantile=0.01947 	| r_quantile_mean=0.02954 	| r_raw_sum=5.20011 	|  r_raw_mean=0.00945 	| r2=nan 	| acc_iid=0.00000 	| acc_ood=0.00000 	| nmse_test=0.028410035335846896 	| true_equation_set_count=0 	| s/it=205.79312
[00:02:15:46.23] Training epoch 40/4000, current best R: 0.1754
Genetic Porgramming Runtime 146.1232318393886

=========================PGD Collection Starts=========================

(20000,)

===================Collect 20000 Examples===================

Epsilon 0.1
500
(550,)
(550,)
(61,)
Number of Programs for Minimization: 28
28
(100000, 6)
(100000,)
(100000, 6)
(100000,)

=======================Successfully Added (0,) Counter Examples=======================


============None of the candidates fulfill the conditions. Training CONTINUES!=================


============None of the candidates fulfill the conditions. Training CONTINUES!=================

(61, 318)

==============Start Supervised Learning==============

GP output mean: 0.9998847298678601
GP output success rate: 0.0

==============End Supervised Learning==============

[Test epoch=0041]  nevals=562910 	| train_loss=65.37788 	| eqs_invalid %=0.00 	| r_best=0.17539 	| quantile=0.01768 	| r_quantile_mean=0.02827 	| r_raw_sum=5.00927 	|  r_raw_mean=0.00911 	| r2=nan 	| acc_iid=0.00000 	| acc_ood=0.00000 	| nmse_test=0.028410035335846896 	| true_equation_set_count=0 	| s/it=210.36356
Genetic Porgramming Runtime 150.86187470890582

=========================PGD Collection Starts=========================

(20000,)

===================Collect 20000 Examples===================

Epsilon 0.1
500
(550,)
(550,)
(55,)
Number of Programs for Minimization: 32
32
(100000, 6)
(100000,)
(100000, 6)
(100000,)

=======================Successfully Added (3201, 6) Counter Examples=======================


============None of the candidates fulfill the conditions. Training CONTINUES!=================


============None of the candidates fulfill the conditions. Training CONTINUES!=================

(55, 318)

==============Start Supervised Learning==============

GP output mean: 0.3508179175156938
GP output success rate: 0.0

==============End Supervised Learning==============

[Test epoch=0042]  nevals=576702 	| train_loss=96.65039 	| eqs_invalid %=0.00 	| r_best=0.17539 	| quantile=0.02533 	| r_quantile_mean=0.04103 	| r_raw_sum=7.30169 	|  r_raw_mean=0.01328 	| r2=nan 	| acc_iid=0.00000 	| acc_ood=0.00000 	| nmse_test=0.028410035335846896 	| true_equation_set_count=0 	| s/it=216.33830
Genetic Porgramming Runtime 98.90028058737516

=========================PGD Collection Starts=========================

(20000,)

===================Collect 20000 Examples===================

Epsilon 0.1
500
(550,)
(550,)
(55,)
Number of Programs for Minimization: 31
31
(100000, 6)
(100000,)
(100000, 6)
(100000,)

=======================Successfully Added (0,) Counter Examples=======================


============None of the candidates fulfill the conditions. Training CONTINUES!=================


============None of the candidates fulfill the conditions. Training CONTINUES!=================

(55, 318)

==============Start Supervised Learning==============

GP output mean: 0.9670304639727675
GP output success rate: 0.0

==============End Supervised Learning==============

[Test epoch=0043]  nevals=590458 	| train_loss=inf 	| eqs_invalid %=0.00 	| r_best=0.17539 	| quantile=0.02562 	| r_quantile_mean=0.03457 	| r_raw_sum=6.97996 	|  r_raw_mean=0.01269 	| r2=nan 	| acc_iid=0.00000 	| acc_ood=0.00000 	| nmse_test=0.028410035335846896 	| true_equation_set_count=0 	| s/it=157.62531
Genetic Porgramming Runtime 127.07307229563594

=========================PGD Collection Starts=========================

(20000,)

===================Collect 20000 Examples===================

Epsilon 0.1
500
(550,)
(550,)
(55,)
Number of Programs for Minimization: 30
30
(100000, 6)
(100000,)
(100000, 6)
(100000,)

=======================Successfully Added (0,) Counter Examples=======================


============None of the candidates fulfill the conditions. Training CONTINUES!=================


============None of the candidates fulfill the conditions. Training CONTINUES!=================

(55, 318)

==============Start Supervised Learning==============

GP output mean: 0.9947160283589092
GP output success rate: 0.0

==============End Supervised Learning==============

[Test epoch=0044]  nevals=604264 	| train_loss=inf 	| eqs_invalid %=0.00 	| r_best=0.17539 	| quantile=0.01939 	| r_quantile_mean=0.02460 	| r_raw_sum=5.31214 	|  r_raw_mean=0.00966 	| r2=nan 	| acc_iid=0.00000 	| acc_ood=0.00000 	| nmse_test=0.028410035335846896 	| true_equation_set_count=0 	| s/it=187.08657
Genetic Porgramming Runtime 154.04951910302043

=========================PGD Collection Starts=========================

(20000,)

===================Collect 20000 Examples===================

Epsilon 0.1
500
(550,)
(550,)
(56,)
Number of Programs for Minimization: 32
32
(100000, 6)
(100000,)
(100000, 6)
(100000,)

=======================Successfully Added (0,) Counter Examples=======================


============None of the candidates fulfill the conditions. Training CONTINUES!=================


============None of the candidates fulfill the conditions. Training CONTINUES!=================

(56, 318)

==============Start Supervised Learning==============

GP output mean: 0.9871959748308617
GP output success rate: 0.0

==============End Supervised Learning==============

[Test epoch=0045]  nevals=617931 	| train_loss=87.19537 	| eqs_invalid %=0.00 	| r_best=0.17539 	| quantile=0.02166 	| r_quantile_mean=0.02859 	| r_raw_sum=5.85040 	|  r_raw_mean=0.01064 	| r2=nan 	| acc_iid=0.00000 	| acc_ood=0.00000 	| nmse_test=0.028410035335846896 	| true_equation_set_count=0 	| s/it=223.73048
[00:02:32:21.37] Training epoch 45/4000, current best R: 0.1754
Genetic Porgramming Runtime 115.2262530438602

=========================PGD Collection Starts=========================

(20000,)

===================Collect 20000 Examples===================

Epsilon 0.1
500
(550,)
(550,)
(55,)
Number of Programs for Minimization: 40
40
(100000, 6)
(100000,)
(100000, 6)
(100000,)

=======================Successfully Added (0,) Counter Examples=======================


============None of the candidates fulfill the conditions. Training CONTINUES!=================


============None of the candidates fulfill the conditions. Training CONTINUES!=================

(55, 318)

==============Start Supervised Learning==============

GP output mean: 0.9784364848021718
GP output success rate: 0.0

==============End Supervised Learning==============

[Test epoch=0046]  nevals=631658 	| train_loss=51.37076 	| eqs_invalid %=0.00 	| r_best=0.17539 	| quantile=0.03625 	| r_quantile_mean=0.04983 	| r_raw_sum=9.43361 	|  r_raw_mean=0.01715 	| r2=nan 	| acc_iid=0.00000 	| acc_ood=0.00000 	| nmse_test=0.028410035335846896 	| true_equation_set_count=0 	| s/it=173.08141
Genetic Porgramming Runtime 116.94475879147649

=========================PGD Collection Starts=========================

(20000,)

===================Collect 20000 Examples===================

Epsilon 0.1
500
(550,)
(550,)
(75,)
Number of Programs for Minimization: 28
28
(100000, 6)
(100000,)
(100000, 6)
(100000,)

=======================Successfully Added (0,) Counter Examples=======================


============None of the candidates fulfill the conditions. Training CONTINUES!=================


============None of the candidates fulfill the conditions. Training CONTINUES!=================

(75, 318)

==============Start Supervised Learning==============

GP output mean: 0.9951589455253967
GP output success rate: 0.0

==============End Supervised Learning==============

[Test epoch=0047]  nevals=645398 	| train_loss=inf 	| eqs_invalid %=0.00 	| r_best=0.78397 	| quantile=0.02963 	| r_quantile_mean=0.04896 	| r_raw_sum=7.88032 	|  r_raw_mean=0.01433 	| r2=nan 	| acc_iid=0.00000 	| acc_ood=0.00000 	| nmse_test=10.0 	| true_equation_set_count=0 	| s/it=177.66687
[00:02:38:12.12] Training epoch 47/4000, current best R: 0.7840

	** New best
	Reward: 0.7839689140407066
	Count Off-policy: 1
	Count On-policy: 0
	Originally on Policy: False
	Invalid: False
	Traversal: n2,n2,n2,n2,add,n2,add,add,x2,n2,n2,add,x1,x3,x6,add,x1,add,x4,x1
	Expression:

	                                       16
	  ⎛                                  2⎞  
	  ⎜            ⎛                   4⎞ ⎟  
	  ⎝2⋅x₁ + x₄ + ⎝x₂ + x₆ + (x₁ + x₃) ⎠ ⎠  

Genetic Porgramming Runtime 120.43008540757

=========================PGD Collection Starts=========================

(20000,)

===================Collect 20000 Examples===================

Epsilon 0.1
500
(550,)
(550,)
(55,)
Number of Programs for Minimization: 28
28
(100000, 6)
(100000,)
(100000, 6)
(100000,)

=======================Successfully Added (0,) Counter Examples=======================


============None of the candidates fulfill the conditions. Training CONTINUES!=================


============None of the candidates fulfill the conditions. Training CONTINUES!=================

(55, 318)

==============Start Supervised Learning==============

GP output mean: 0.9656422748979838
GP output success rate: 0.0

==============End Supervised Learning==============

[Test epoch=0048]  nevals=659127 	| train_loss=76.97112 	| eqs_invalid %=0.00 	| r_best=0.78397 	| quantile=0.02092 	| r_quantile_mean=0.03250 	| r_raw_sum=5.25716 	|  r_raw_mean=0.00956 	| r2=nan 	| acc_iid=0.00000 	| acc_ood=0.00000 	| nmse_test=10.0 	| true_equation_set_count=0 	| s/it=181.73781
Genetic Porgramming Runtime 152.75574788078666

=========================PGD Collection Starts=========================

(20000,)

===================Collect 20000 Examples===================

Epsilon 0.1
500
(550,)
(550,)
(57,)
Number of Programs for Minimization: 28
28
(100000, 6)
(100000,)
(100000, 6)
(100000,)

=======================Successfully Added (0,) Counter Examples=======================


============None of the candidates fulfill the conditions. Training CONTINUES!=================


============None of the candidates fulfill the conditions. Training CONTINUES!=================

(57, 318)

==============Start Supervised Learning==============

GP output mean: 0.9860427555575692
GP output success rate: 0.0

==============End Supervised Learning==============

[Test epoch=0049]  nevals=672869 	| train_loss=158.80328 	| eqs_invalid %=0.00 	| r_best=0.78397 	| quantile=0.01533 	| r_quantile_mean=0.02375 	| r_raw_sum=4.15533 	|  r_raw_mean=0.00756 	| r2=nan 	| acc_iid=0.00000 	| acc_ood=0.00000 	| nmse_test=10.0 	| true_equation_set_count=0 	| s/it=226.99797
Genetic Porgramming Runtime 167.4477653540671

=========================PGD Collection Starts=========================

(20000,)

===================Collect 20000 Examples===================

Epsilon 0.1
500
(550,)
(550,)
(55,)
Number of Programs for Minimization: 28
28
(100000, 6)
(100000,)
(100000, 6)
(100000,)

=======================Successfully Added (0,) Counter Examples=======================


============None of the candidates fulfill the conditions. Training CONTINUES!=================


============None of the candidates fulfill the conditions. Training CONTINUES!=================

(55, 318)

==============Start Supervised Learning==============

GP output mean: 0.988468639397166
GP output success rate: 0.0

==============End Supervised Learning==============

[Test epoch=0050]  nevals=686559 	| train_loss=inf 	| eqs_invalid %=0.00 	| r_best=0.78397 	| quantile=0.02093 	| r_quantile_mean=0.03070 	| r_raw_sum=5.55366 	|  r_raw_mean=0.01010 	| r2=nan 	| acc_iid=0.00000 	| acc_ood=0.00000 	| nmse_test=10.0 	| true_equation_set_count=0 	| s/it=230.95394
[00:02:48:51.81] Training epoch 50/4000, current best R: 0.7840
Genetic Porgramming Runtime 145.00055786408484

=========================PGD Collection Starts=========================

(20000,)

===================Collect 20000 Examples===================

Epsilon 0.1
500
(550,)
(550,)
(56,)
Number of Programs for Minimization: 29
29
(100000, 6)
(100000,)
(100000, 6)
(100000,)

=======================Successfully Added (0,) Counter Examples=======================


============None of the candidates fulfill the conditions. Training CONTINUES!=================


============None of the candidates fulfill the conditions. Training CONTINUES!=================

(56, 318)

==============Start Supervised Learning==============

GP output mean: 0.9891153760790401
GP output success rate: 0.0

==============End Supervised Learning==============

[Test epoch=0051]  nevals=700261 	| train_loss=224.68472 	| eqs_invalid %=0.00 	| r_best=0.78397 	| quantile=0.02812 	| r_quantile_mean=0.03910 	| r_raw_sum=6.93168 	|  r_raw_mean=0.01260 	| r2=nan 	| acc_iid=0.00000 	| acc_ood=0.00000 	| nmse_test=10.0 	| true_equation_set_count=0 	| s/it=208.91048
Genetic Porgramming Runtime 138.21997824683785

=========================PGD Collection Starts=========================

(20000,)

===================Collect 20000 Examples===================

Epsilon 0.1
500
(550,)
(550,)
(60,)
Number of Programs for Minimization: 28
28
(100000, 6)
(100000,)
(100000, 6)
(100000,)

=======================Successfully Added (9603, 6) Counter Examples=======================


============None of the candidates fulfill the conditions. Training CONTINUES!=================


============None of the candidates fulfill the conditions. Training CONTINUES!=================

(60, 318)

==============Start Supervised Learning==============

GP output mean: 0.09780721809264492
GP output success rate: 0.0

==============End Supervised Learning==============

[Test epoch=0052]  nevals=713965 	| train_loss=56.88424 	| eqs_invalid %=0.00 	| r_best=0.78397 	| quantile=0.02213 	| r_quantile_mean=0.03212 	| r_raw_sum=5.62892 	|  r_raw_mean=0.01023 	| r2=nan 	| acc_iid=0.00000 	| acc_ood=0.00000 	| nmse_test=10.0 	| true_equation_set_count=0 	| s/it=215.87719
Genetic Porgramming Runtime 139.70918926410377

=========================PGD Collection Starts=========================

(20000,)

===================Collect 20000 Examples===================

Epsilon 0.1
500
(550,)
(550,)
(55,)
Number of Programs for Minimization: 28
28
(100000, 6)
(100000,)
(100000, 6)
(100000,)

=======================Successfully Added (0,) Counter Examples=======================


============None of the candidates fulfill the conditions. Training CONTINUES!=================


============None of the candidates fulfill the conditions. Training CONTINUES!=================

(55, 318)

==============Start Supervised Learning==============

GP output mean: 0.9963918990365779
GP output success rate: 0.0

==============End Supervised Learning==============

[Test epoch=0053]  nevals=727742 	| train_loss=52.02130 	| eqs_invalid %=0.00 	| r_best=0.78397 	| quantile=0.01815 	| r_quantile_mean=0.02652 	| r_raw_sum=4.54305 	|  r_raw_mean=0.00826 	| r2=nan 	| acc_iid=0.00000 	| acc_ood=0.00000 	| nmse_test=10.0 	| true_equation_set_count=0 	| s/it=217.98895
Genetic Porgramming Runtime 162.84046779200435

=========================PGD Collection Starts=========================

(20000,)

===================Collect 20000 Examples===================

Epsilon 0.1
500
(550,)
(550,)
(55,)
Number of Programs for Minimization: 40
40
(100000, 6)
(100000,)
(100000, 6)
(100000,)

=======================Successfully Added (0,) Counter Examples=======================


============None of the candidates fulfill the conditions. Training CONTINUES!=================


============None of the candidates fulfill the conditions. Training CONTINUES!=================

(55, 318)

==============Start Supervised Learning==============

GP output mean: 0.9956103363085772
GP output success rate: 0.0

==============End Supervised Learning==============

[Test epoch=0054]  nevals=741368 	| train_loss=109.95392 	| eqs_invalid %=0.00 	| r_best=0.78397 	| quantile=0.03155 	| r_quantile_mean=0.04573 	| r_raw_sum=7.35624 	|  r_raw_mean=0.01337 	| r2=nan 	| acc_iid=0.00000 	| acc_ood=0.00000 	| nmse_test=10.0 	| true_equation_set_count=0 	| s/it=231.48210
Genetic Porgramming Runtime 115.98532633297145

=========================PGD Collection Starts=========================

(20000,)

===================Collect 20000 Examples===================

Epsilon 0.1
500
(550,)
(550,)
(58,)
Number of Programs for Minimization: 40
40
(100000, 6)
(100000,)
(100000, 6)
(100000,)

=======================Successfully Added (0,) Counter Examples=======================


============None of the candidates fulfill the conditions. Training CONTINUES!=================


============None of the candidates fulfill the conditions. Training CONTINUES!=================

(58, 318)

==============Start Supervised Learning==============

GP output mean: 0.9897638989965499
GP output success rate: 0.0

==============End Supervised Learning==============

[Test epoch=0055]  nevals=755104 	| train_loss=inf 	| eqs_invalid %=0.00 	| r_best=0.78397 	| quantile=0.03436 	| r_quantile_mean=0.04949 	| r_raw_sum=8.67108 	|  r_raw_mean=0.01577 	| r2=nan 	| acc_iid=0.00000 	| acc_ood=0.00000 	| nmse_test=10.0 	| true_equation_set_count=0 	| s/it=178.83663
[00:03:06:24.91] Training epoch 55/4000, current best R: 0.7840
Genetic Porgramming Runtime 121.25745709240437

=========================PGD Collection Starts=========================

(20000,)

===================Collect 20000 Examples===================

Epsilon 0.1
500
(550,)
(550,)
(62,)
Number of Programs for Minimization: 30
30
(100000, 6)
(100000,)
(100000, 6)
(100000,)

=======================Successfully Added (0,) Counter Examples=======================


============None of the candidates fulfill the conditions. Training CONTINUES!=================


============None of the candidates fulfill the conditions. Training CONTINUES!=================

(62, 318)

==============Start Supervised Learning==============

GP output mean: 0.9943616126381838
GP output success rate: 0.0

==============End Supervised Learning==============

[Test epoch=0056]  nevals=768773 	| train_loss=inf 	| eqs_invalid %=0.00 	| r_best=0.78397 	| quantile=0.02915 	| r_quantile_mean=0.04361 	| r_raw_sum=8.11213 	|  r_raw_mean=0.01475 	| r2=nan 	| acc_iid=0.00000 	| acc_ood=0.00000 	| nmse_test=10.0 	| true_equation_set_count=0 	| s/it=185.37802
Genetic Porgramming Runtime 98.59679572284222

=========================PGD Collection Starts=========================

(20000,)

===================Collect 20000 Examples===================

Epsilon 0.1
500
(550,)
(550,)
(56,)
Number of Programs for Minimization: 28
28
(100000, 6)
(100000,)
(100000, 6)
(100000,)

=======================Successfully Added (0,) Counter Examples=======================


============None of the candidates fulfill the conditions. Training CONTINUES!=================


============None of the candidates fulfill the conditions. Training CONTINUES!=================

(56, 318)

==============Start Supervised Learning==============

GP output mean: 0.9299310787486152
GP output success rate: 0.0

==============End Supervised Learning==============

[Test epoch=0057]  nevals=782426 	| train_loss=283.36264 	| eqs_invalid %=0.00 	| r_best=0.78397 	| quantile=0.02911 	| r_quantile_mean=0.04228 	| r_raw_sum=6.55342 	|  r_raw_mean=0.01192 	| r2=nan 	| acc_iid=0.00000 	| acc_ood=0.00000 	| nmse_test=10.0 	| true_equation_set_count=0 	| s/it=158.85196
Genetic Porgramming Runtime 146.52046625129879

=========================PGD Collection Starts=========================

(20000,)

===================Collect 20000 Examples===================

Epsilon 0.1
500
(550,)
(550,)
(55,)
Number of Programs for Minimization: 28
28
(100000, 6)
(100000,)
(100000, 6)
(100000,)

=======================Successfully Added (0,) Counter Examples=======================


============None of the candidates fulfill the conditions. Training CONTINUES!=================


============None of the candidates fulfill the conditions. Training CONTINUES!=================

(55, 318)

==============Start Supervised Learning==============

GP output mean: 0.9950539640831251
GP output success rate: 0.0

==============End Supervised Learning==============

[Test epoch=0058]  nevals=796285 	| train_loss=inf 	| eqs_invalid %=0.00 	| r_best=0.78397 	| quantile=0.02489 	| r_quantile_mean=0.03788 	| r_raw_sum=6.07038 	|  r_raw_mean=0.01104 	| r2=nan 	| acc_iid=0.00000 	| acc_ood=0.00000 	| nmse_test=10.0 	| true_equation_set_count=0 	| s/it=221.30566
Genetic Porgramming Runtime 154.05849052406847

=========================PGD Collection Starts=========================

(20000,)

===================Collect 20000 Examples===================

Epsilon 0.1
500
(550,)
(550,)
(55,)
Number of Programs for Minimization: 28
28
(100000, 6)
(100000,)
(100000, 6)
(100000,)

=======================Successfully Added (0,) Counter Examples=======================


============None of the candidates fulfill the conditions. Training CONTINUES!=================


============None of the candidates fulfill the conditions. Training CONTINUES!=================

(55, 318)

==============Start Supervised Learning==============

GP output mean: 0.9919534195891798
GP output success rate: 0.0

==============End Supervised Learning==============

[Test epoch=0059]  nevals=809964 	| train_loss=124.20204 	| eqs_invalid %=0.00 	| r_best=0.78397 	| quantile=0.02047 	| r_quantile_mean=0.03707 	| r_raw_sum=5.62222 	|  r_raw_mean=0.01022 	| r2=nan 	| acc_iid=0.00000 	| acc_ood=0.00000 	| nmse_test=10.0 	| true_equation_set_count=0 	| s/it=230.20076
Genetic Porgramming Runtime 120.53233403153718

=========================PGD Collection Starts=========================

(20000,)

===================Collect 20000 Examples===================

Epsilon 0.1
500
(550,)
(550,)
(61,)
Number of Programs for Minimization: 28
28
(100000, 6)
(100000,)
(100000, 6)
(100000,)

=======================Successfully Added (0,) Counter Examples=======================


============None of the candidates fulfill the conditions. Training CONTINUES!=================


============None of the candidates fulfill the conditions. Training CONTINUES!=================

(61, 318)

==============Start Supervised Learning==============

GP output mean: 0.9848826159753906
GP output success rate: 0.0

==============End Supervised Learning==============

[Test epoch=0060]  nevals=823730 	| train_loss=101.58731 	| eqs_invalid %=0.00 	| r_best=0.78397 	| quantile=0.01865 	| r_quantile_mean=0.03271 	| r_raw_sum=4.86387 	|  r_raw_mean=0.00884 	| r2=nan 	| acc_iid=0.00000 	| acc_ood=0.00000 	| nmse_test=10.0 	| true_equation_set_count=0 	| s/it=190.87474
[00:03:22:51.52] Training epoch 60/4000, current best R: 0.7840
Genetic Porgramming Runtime 112.45156455039978

=========================PGD Collection Starts=========================

(20000,)

===================Collect 20000 Examples===================

Epsilon 0.1
500
(550,)
(550,)
(55,)
Number of Programs for Minimization: 30
30
(100000, 6)
(100000,)
(100000, 6)
(100000,)

=======================Successfully Added (0,) Counter Examples=======================


============None of the candidates fulfill the conditions. Training CONTINUES!=================


============None of the candidates fulfill the conditions. Training CONTINUES!=================

(55, 318)

==============Start Supervised Learning==============

GP output mean: 0.9472095148150397
GP output success rate: 0.0

==============End Supervised Learning==============

[Test epoch=0061]  nevals=837496 	| train_loss=79.99378 	| eqs_invalid %=0.00 	| r_best=0.78397 	| quantile=0.02757 	| r_quantile_mean=0.03437 	| r_raw_sum=5.97669 	|  r_raw_mean=0.01087 	| r2=nan 	| acc_iid=0.00000 	| acc_ood=0.00000 	| nmse_test=10.0 	| true_equation_set_count=0 	| s/it=179.35863
Genetic Porgramming Runtime 108.48354539461434

=========================PGD Collection Starts=========================

(20000,)

===================Collect 20000 Examples===================

Epsilon 0.1
500
(550,)
(550,)
(56,)
Number of Programs for Minimization: 30
30
(100000, 6)
(100000,)
(100000, 6)
(100000,)

=======================Successfully Added (3201, 6) Counter Examples=======================


============None of the candidates fulfill the conditions. Training CONTINUES!=================


============None of the candidates fulfill the conditions. Training CONTINUES!=================

(56, 318)

==============Start Supervised Learning==============

GP output mean: 0.9061656373003164
GP output success rate: 0.0

==============End Supervised Learning==============

[Test epoch=0062]  nevals=851356 	| train_loss=inf 	| eqs_invalid %=0.00 	| r_best=0.78397 	| quantile=0.03000 	| r_quantile_mean=0.04296 	| r_raw_sum=6.68515 	|  r_raw_mean=0.01215 	| r2=nan 	| acc_iid=0.00000 	| acc_ood=0.00000 	| nmse_test=10.0 	| true_equation_set_count=0 	| s/it=185.33481
Genetic Porgramming Runtime 139.96268838830292

=========================PGD Collection Starts=========================

(20000,)

===================Collect 20000 Examples===================

Epsilon 0.1
500
(550,)
(550,)
(59,)
Number of Programs for Minimization: 28
28
(100000, 6)
(100000,)
(100000, 6)
(100000,)

=======================Successfully Added (0,) Counter Examples=======================


============None of the candidates fulfill the conditions. Training CONTINUES!=================


============None of the candidates fulfill the conditions. Training CONTINUES!=================

(59, 318)

==============Start Supervised Learning==============

GP output mean: 0.9877192855759779
GP output success rate: 0.0

==============End Supervised Learning==============

[Test epoch=0063]  nevals=865128 	| train_loss=inf 	| eqs_invalid %=0.00 	| r_best=0.78397 	| quantile=0.02012 	| r_quantile_mean=0.03517 	| r_raw_sum=5.28785 	|  r_raw_mean=0.00961 	| r2=nan 	| acc_iid=0.00000 	| acc_ood=0.00000 	| nmse_test=10.0 	| true_equation_set_count=0 	| s/it=219.36541
Genetic Porgramming Runtime 133.23211781680584

=========================PGD Collection Starts=========================

(20000,)

===================Collect 20000 Examples===================

Epsilon 0.1
500
(550,)
(550,)
(55,)
Number of Programs for Minimization: 28
28
(100000, 6)
(100000,)
(100000, 6)
(100000,)

=======================Successfully Added (0,) Counter Examples=======================


============None of the candidates fulfill the conditions. Training CONTINUES!=================


============None of the candidates fulfill the conditions. Training CONTINUES!=================

(55, 318)

==============Start Supervised Learning==============

GP output mean: 0.9956786753582995
GP output success rate: 0.0

==============End Supervised Learning==============

[Test epoch=0064]  nevals=878899 	| train_loss=51.35532 	| eqs_invalid %=0.00 	| r_best=0.78397 	| quantile=0.01992 	| r_quantile_mean=0.03494 	| r_raw_sum=5.45648 	|  r_raw_mean=0.00992 	| r2=nan 	| acc_iid=0.00000 	| acc_ood=0.00000 	| nmse_test=10.0 	| true_equation_set_count=0 	| s/it=216.94733
Genetic Porgramming Runtime 138.2508466374129

=========================PGD Collection Starts=========================

(20000,)

===================Collect 20000 Examples===================

Epsilon 0.1
500
(550,)
(550,)
(55,)
Number of Programs for Minimization: 40
40
(100000, 6)
(100000,)
(100000, 6)
(100000,)

=======================Successfully Added (0,) Counter Examples=======================


============None of the candidates fulfill the conditions. Training CONTINUES!=================


============None of the candidates fulfill the conditions. Training CONTINUES!=================

(55, 318)

==============Start Supervised Learning==============

GP output mean: 0.9924562719745624
GP output success rate: 0.0

==============End Supervised Learning==============

[Test epoch=0065]  nevals=892621 	| train_loss=60.56549 	| eqs_invalid %=0.00 	| r_best=0.78397 	| quantile=0.02756 	| r_quantile_mean=0.04317 	| r_raw_sum=6.66946 	|  r_raw_mean=0.01213 	| r2=nan 	| acc_iid=0.00000 	| acc_ood=0.00000 	| nmse_test=10.0 	| true_equation_set_count=0 	| s/it=218.00172
[00:03:39:50.53] Training epoch 65/4000, current best R: 0.7840
Genetic Porgramming Runtime 115.13573273085058

=========================PGD Collection Starts=========================

(20000,)

===================Collect 20000 Examples===================

Epsilon 0.1
500
(550,)
(550,)
(63,)
Number of Programs for Minimization: 32
32
(100000, 6)
(100000,)
(100000, 6)
(100000,)

=======================Successfully Added (0,) Counter Examples=======================


============None of the candidates fulfill the conditions. Training CONTINUES!=================


============None of the candidates fulfill the conditions. Training CONTINUES!=================

(63, 318)

==============Start Supervised Learning==============

GP output mean: 0.9912779817976833
GP output success rate: 0.0

==============End Supervised Learning==============

[Test epoch=0066]  nevals=906350 	| train_loss=inf 	| eqs_invalid %=0.00 	| r_best=0.78397 	| quantile=0.02959 	| r_quantile_mean=0.04094 	| r_raw_sum=6.96492 	|  r_raw_mean=0.01266 	| r2=nan 	| acc_iid=0.00000 	| acc_ood=0.00000 	| nmse_test=10.0 	| true_equation_set_count=0 	| s/it=188.31817
Genetic Porgramming Runtime 156.9172047432512

=========================PGD Collection Starts=========================

(20000,)

===================Collect 20000 Examples===================

Epsilon 0.1
500
(550,)
(550,)
(58,)
Number of Programs for Minimization: 51
51
(100000, 6)
(100000,)
(100000, 6)
(100000,)

=======================Successfully Added (0,) Counter Examples=======================


============None of the candidates fulfill the conditions. Training CONTINUES!=================


============None of the candidates fulfill the conditions. Training CONTINUES!=================

(58, 318)

==============Start Supervised Learning==============

GP output mean: 0.989578773633191
GP output success rate: 0.0

==============End Supervised Learning==============

[Test epoch=0067]  nevals=920111 	| train_loss=inf 	| eqs_invalid %=0.00 	| r_best=0.78397 	| quantile=0.03329 	| r_quantile_mean=0.04744 	| r_raw_sum=7.75393 	|  r_raw_mean=0.01410 	| r2=nan 	| acc_iid=0.00000 	| acc_ood=0.00000 	| nmse_test=10.0 	| true_equation_set_count=0 	| s/it=237.61717
Genetic Porgramming Runtime 148.16011729463935

=========================PGD Collection Starts=========================

(20000,)

===================Collect 20000 Examples===================

Epsilon 0.1
500
(550,)
(550,)
(56,)
Number of Programs for Minimization: 28
28
(100000, 6)
(100000,)
(100000, 6)
(100000,)

=======================Successfully Added (0,) Counter Examples=======================


============None of the candidates fulfill the conditions. Training CONTINUES!=================


============None of the candidates fulfill the conditions. Training CONTINUES!=================

(56, 318)

==============Start Supervised Learning==============

GP output mean: 0.9931979993155662
GP output success rate: 0.0

==============End Supervised Learning==============

[Test epoch=0068]  nevals=933903 	| train_loss=inf 	| eqs_invalid %=0.00 	| r_best=0.78397 	| quantile=0.02066 	| r_quantile_mean=0.03792 	| r_raw_sum=5.65884 	|  r_raw_mean=0.01029 	| r2=nan 	| acc_iid=0.00000 	| acc_ood=0.00000 	| nmse_test=10.0 	| true_equation_set_count=0 	| s/it=230.10832
Genetic Porgramming Runtime 159.02525668777525

=========================PGD Collection Starts=========================

(20000,)

===================Collect 20000 Examples===================

Epsilon 0.1
500
(550,)
(550,)
(55,)
Number of Programs for Minimization: 36
36
(100000, 6)
(100000,)
(100000, 6)
(100000,)

=======================Successfully Added (0,) Counter Examples=======================


============None of the candidates fulfill the conditions. Training CONTINUES!=================


============None of the candidates fulfill the conditions. Training CONTINUES!=================

(55, 318)

==============Start Supervised Learning==============

GP output mean: 0.9934545107758908
GP output success rate: 0.0

==============End Supervised Learning==============

[Test epoch=0069]  nevals=947686 	| train_loss=95.56429 	| eqs_invalid %=0.00 	| r_best=0.78397 	| quantile=0.02018 	| r_quantile_mean=0.04176 	| r_raw_sum=5.78236 	|  r_raw_mean=0.01051 	| r2=nan 	| acc_iid=0.00000 	| acc_ood=0.00000 	| nmse_test=10.0 	| true_equation_set_count=0 	| s/it=245.35187
Genetic Porgramming Runtime 125.82944064028561

=========================PGD Collection Starts=========================

(20000,)

===================Collect 20000 Examples===================

Epsilon 0.1
500
(550,)
(550,)
(58,)
Number of Programs for Minimization: 34
34
(100000, 6)
(100000,)
(100000, 6)
(100000,)

=======================Successfully Added (0,) Counter Examples=======================


============None of the candidates fulfill the conditions. Training CONTINUES!=================


============None of the candidates fulfill the conditions. Training CONTINUES!=================

(58, 318)

==============Start Supervised Learning==============

GP output mean: 0.9319867889446091
GP output success rate: 0.0

==============End Supervised Learning==============

[Test epoch=0070]  nevals=961480 	| train_loss=238.58765 	| eqs_invalid %=0.00 	| r_best=0.78397 	| quantile=0.02243 	| r_quantile_mean=0.05338 	| r_raw_sum=6.74778 	|  r_raw_mean=0.01227 	| r2=nan 	| acc_iid=0.00000 	| acc_ood=0.00000 	| nmse_test=10.0 	| true_equation_set_count=0 	| s/it=202.79117
[00:03:58:14.72] Training epoch 70/4000, current best R: 0.7840
Genetic Porgramming Runtime 129.524856319651

=========================PGD Collection Starts=========================

(20000,)

===================Collect 20000 Examples===================

Epsilon 0.1
500
(550,)
(550,)
(55,)
Number of Programs for Minimization: 28
28
(100000, 6)
(100000,)
(100000, 6)
(100000,)

=======================Successfully Added (0,) Counter Examples=======================


============None of the candidates fulfill the conditions. Training CONTINUES!=================


============None of the candidates fulfill the conditions. Training CONTINUES!=================

(55, 318)

==============Start Supervised Learning==============

GP output mean: 0.9945867564450162
GP output success rate: 0.0

==============End Supervised Learning==============

[Test epoch=0071]  nevals=975122 	| train_loss=inf 	| eqs_invalid %=0.00 	| r_best=0.78397 	| quantile=0.01514 	| r_quantile_mean=0.02338 	| r_raw_sum=3.77046 	|  r_raw_mean=0.00686 	| r2=nan 	| acc_iid=0.00000 	| acc_ood=0.00000 	| nmse_test=10.0 	| true_equation_set_count=0 	| s/it=216.95947
Genetic Porgramming Runtime 165.17520362511277

=========================PGD Collection Starts=========================

(20000,)

===================Collect 20000 Examples===================

Epsilon 0.1
500
(550,)
(550,)
(60,)
Number of Programs for Minimization: 28
28
(100000, 6)
(100000,)
(100000, 6)
(100000,)

=======================Successfully Added (0,) Counter Examples=======================


============None of the candidates fulfill the conditions. Training CONTINUES!=================


============None of the candidates fulfill the conditions. Training CONTINUES!=================

(60, 318)

==============Start Supervised Learning==============

GP output mean: 0.9954417901967655
GP output success rate: 0.0

==============End Supervised Learning==============

[Test epoch=0072]  nevals=988817 	| train_loss=268.33643 	| eqs_invalid %=0.00 	| r_best=0.78397 	| quantile=0.01805 	| r_quantile_mean=0.03170 	| r_raw_sum=5.17127 	|  r_raw_mean=0.00940 	| r2=nan 	| acc_iid=0.00000 	| acc_ood=0.00000 	| nmse_test=10.0 	| true_equation_set_count=0 	| s/it=249.48783
Genetic Porgramming Runtime 187.32338921912014

=========================PGD Collection Starts=========================

(20000,)

===================Collect 20000 Examples===================

Epsilon 0.1
500
(550,)
(550,)
(55,)
Number of Programs for Minimization: 35
35
(100000, 6)
(100000,)
(100000, 6)
(100000,)

=======================Successfully Added (0,) Counter Examples=======================


============None of the candidates fulfill the conditions. Training CONTINUES!=================


============None of the candidates fulfill the conditions. Training CONTINUES!=================

(55, 318)

==============Start Supervised Learning==============

GP output mean: 0.9922591343759728
GP output success rate: 0.0

==============End Supervised Learning==============

[Test epoch=0073]  nevals=1002546 	| train_loss=60.92457 	| eqs_invalid %=0.00 	| r_best=0.78397 	| quantile=0.02949 	| r_quantile_mean=0.04403 	| r_raw_sum=6.86920 	|  r_raw_mean=0.01249 	| r2=nan 	| acc_iid=0.00000 	| acc_ood=0.00000 	| nmse_test=10.0 	| true_equation_set_count=0 	| s/it=269.37527
Genetic Porgramming Runtime 145.3408285714686

=========================PGD Collection Starts=========================

(20000,)

===================Collect 20000 Examples===================

Epsilon 0.1
500
(550,)
(550,)
(58,)
Number of Programs for Minimization: 58
58
(100000, 6)
(100000,)
(100000, 6)
(100000,)

=======================Successfully Added (0,) Counter Examples=======================


============None of the candidates fulfill the conditions. Training CONTINUES!=================


============None of the candidates fulfill the conditions. Training CONTINUES!=================

(58, 318)

==============Start Supervised Learning==============

GP output mean: 0.9879385619527776
GP output success rate: 0.0

==============End Supervised Learning==============

[Test epoch=0074]  nevals=1016299 	| train_loss=inf 	| eqs_invalid %=0.00 	| r_best=0.78397 	| quantile=0.05056 	| r_quantile_mean=0.05056 	| r_raw_sum=8.10106 	|  r_raw_mean=0.01473 	| r2=nan 	| acc_iid=0.00000 	| acc_ood=0.00000 	| nmse_test=10.0 	| true_equation_set_count=0 	| s/it=219.98465
Genetic Porgramming Runtime 143.81221223063767

=========================PGD Collection Starts=========================

(20000,)

===================Collect 20000 Examples===================

Epsilon 0.1
500
(550,)
(550,)
(57,)
Number of Programs for Minimization: 42
42
(100000, 6)
(100000,)
(100000, 6)
(100000,)

=======================Successfully Added (0,) Counter Examples=======================


============None of the candidates fulfill the conditions. Training CONTINUES!=================


============None of the candidates fulfill the conditions. Training CONTINUES!=================

(57, 318)

==============Start Supervised Learning==============

GP output mean: 0.9923872517753861
GP output success rate: 0.0

==============End Supervised Learning==============

[Test epoch=0075]  nevals=1030080 	| train_loss=inf 	| eqs_invalid %=0.00 	| r_best=0.78397 	| quantile=0.02749 	| r_quantile_mean=0.04376 	| r_raw_sum=6.75188 	|  r_raw_mean=0.01228 	| r2=nan 	| acc_iid=0.00000 	| acc_ood=0.00000 	| nmse_test=10.0 	| true_equation_set_count=0 	| s/it=217.56427
[00:04:17:48.09] Training epoch 75/4000, current best R: 0.7840
Genetic Porgramming Runtime 137.20860429108143

=========================PGD Collection Starts=========================

(20000,)

===================Collect 20000 Examples===================

Epsilon 0.1
500
(550,)
(550,)
(56,)
Number of Programs for Minimization: 30
30
(100000, 6)
(100000,)
(100000, 6)
(100000,)

=======================Successfully Added (0,) Counter Examples=======================


============None of the candidates fulfill the conditions. Training CONTINUES!=================


============None of the candidates fulfill the conditions. Training CONTINUES!=================

(56, 318)

==============Start Supervised Learning==============

GP output mean: 0.9994049638664964
GP output success rate: 0.0

==============End Supervised Learning==============

[Test epoch=0076]  nevals=1043832 	| train_loss=inf 	| eqs_invalid %=0.00 	| r_best=0.78397 	| quantile=0.01223 	| r_quantile_mean=0.02084 	| r_raw_sum=3.62861 	|  r_raw_mean=0.00660 	| r2=nan 	| acc_iid=0.00000 	| acc_ood=0.00000 	| nmse_test=10.0 	| true_equation_set_count=0 	| s/it=223.11946
Genetic Porgramming Runtime 136.4779146052897

=========================PGD Collection Starts=========================

(20000,)

===================Collect 20000 Examples===================

Epsilon 0.1
500
(550,)
(550,)
(55,)
Number of Programs for Minimization: 30
30
(100000, 6)
(100000,)
(100000, 6)
(100000,)

=======================Successfully Added (32010, 6) Counter Examples=======================


============None of the candidates fulfill the conditions. Training CONTINUES!=================


============None of the candidates fulfill the conditions. Training CONTINUES!=================

(55, 318)

==============Start Supervised Learning==============

GP output mean: 0.9885720116553803
GP output success rate: 0.0

==============End Supervised Learning==============

[Test epoch=0077]  nevals=1057595 	| train_loss=inf 	| eqs_invalid %=0.00 	| r_best=0.78397 	| quantile=0.00853 	| r_quantile_mean=0.01424 	| r_raw_sum=2.34574 	|  r_raw_mean=0.00426 	| r2=nan 	| acc_iid=0.00000 	| acc_ood=0.00000 	| nmse_test=10.0 	| true_equation_set_count=0 	| s/it=237.27855
Genetic Porgramming Runtime 139.00301056914032

=========================PGD Collection Starts=========================

(20000,)

===================Collect 20000 Examples===================

Epsilon 0.1
500
(550,)
(550,)
(55,)
Number of Programs for Minimization: 28
28
(100000, 6)
(100000,)
(100000, 6)
(100000,)

=======================Successfully Added (25608, 6) Counter Examples=======================


============None of the candidates fulfill the conditions. Training CONTINUES!=================


============None of the candidates fulfill the conditions. Training CONTINUES!=================

(55, 318)

==============Start Supervised Learning==============

GP output mean: 0.9856761166583006
GP output success rate: 0.0

==============End Supervised Learning==============

[Test epoch=0078]  nevals=1071209 	| train_loss=inf 	| eqs_invalid %=0.00 	| r_best=0.78397 	| quantile=0.00758 	| r_quantile_mean=0.01205 	| r_raw_sum=2.03810 	|  r_raw_mean=0.00371 	| r2=nan 	| acc_iid=0.00000 	| acc_ood=0.00000 	| nmse_test=10.0 	| true_equation_set_count=0 	| s/it=229.21258
Genetic Porgramming Runtime 139.9128559883684

=========================PGD Collection Starts=========================

(20000,)

===================Collect 20000 Examples===================

Epsilon 0.1
500
(550,)
(550,)
(55,)
Number of Programs for Minimization: 28
28
(100000, 6)
(100000,)
(100000, 6)
(100000,)

=======================Successfully Added (12804, 6) Counter Examples=======================


============None of the candidates fulfill the conditions. Training CONTINUES!=================


============None of the candidates fulfill the conditions. Training CONTINUES!=================

(55, 318)

==============Start Supervised Learning==============

GP output mean: 0.9999507077037522
GP output success rate: 0.0

==============End Supervised Learning==============

[Test epoch=0079]  nevals=1084980 	| train_loss=281.70480 	| eqs_invalid %=0.00 	| r_best=0.78397 	| quantile=0.00771 	| r_quantile_mean=0.01237 	| r_raw_sum=2.08049 	|  r_raw_mean=0.00378 	| r2=nan 	| acc_iid=0.00000 	| acc_ood=0.00000 	| nmse_test=10.0 	| true_equation_set_count=0 	| s/it=236.44782
Genetic Porgramming Runtime 160.76200802251697

=========================PGD Collection Starts=========================

(20000,)

===================Collect 20000 Examples===================

Epsilon 0.1
500
(550,)
(550,)
(56,)
Number of Programs for Minimization: 29
29
(100000, 6)
(100000,)
(100000, 6)
(100000,)

=======================Successfully Added (9603, 6) Counter Examples=======================


============None of the candidates fulfill the conditions. Training CONTINUES!=================


============None of the candidates fulfill the conditions. Training CONTINUES!=================

(56, 318)

==============Start Supervised Learning==============

GP output mean: 0.9957128605666488
GP output success rate: 0.0

==============End Supervised Learning==============

[Test epoch=0080]  nevals=1098752 	| train_loss=inf 	| eqs_invalid %=0.00 	| r_best=0.78397 	| quantile=0.00850 	| r_quantile_mean=0.01320 	| r_raw_sum=2.44429 	|  r_raw_mean=0.00444 	| r2=nan 	| acc_iid=0.00000 	| acc_ood=0.00000 	| nmse_test=10.0 	| true_equation_set_count=0 	| s/it=262.36489
[00:04:37:36.52] Training epoch 80/4000, current best R: 0.7840
Genetic Porgramming Runtime 143.13527788966894

=========================PGD Collection Starts=========================

(20000,)

===================Collect 20000 Examples===================

Epsilon 0.1
500
(550,)
(550,)
(55,)
Number of Programs for Minimization: 32
32
(100000, 6)
(100000,)
(100000, 6)
(100000,)

=======================Successfully Added (0,) Counter Examples=======================


============None of the candidates fulfill the conditions. Training CONTINUES!=================


============None of the candidates fulfill the conditions. Training CONTINUES!=================

(55, 318)

==============Start Supervised Learning==============

GP output mean: 0.9655916153282061
GP output success rate: 0.0

==============End Supervised Learning==============

[Test epoch=0081]  nevals=1112610 	| train_loss=inf 	| eqs_invalid %=0.00 	| r_best=0.78397 	| quantile=0.01153 	| r_quantile_mean=0.01803 	| r_raw_sum=3.23935 	|  r_raw_mean=0.00589 	| r2=nan 	| acc_iid=0.00000 	| acc_ood=0.00000 	| nmse_test=10.0 	| true_equation_set_count=0 	| s/it=223.27760
Genetic Porgramming Runtime 111.03768694959581

=========================PGD Collection Starts=========================

(20000,)

===================Collect 20000 Examples===================

Epsilon 0.1
500
(550,)
(550,)
(58,)
Number of Programs for Minimization: 30
30
(100000, 6)
(100000,)
(100000, 6)
(100000,)

=======================Successfully Added (0,) Counter Examples=======================


============None of the candidates fulfill the conditions. Training CONTINUES!=================


============None of the candidates fulfill the conditions. Training CONTINUES!=================

(58, 318)

==============Start Supervised Learning==============

GP output mean: 0.22876802169436522
GP output success rate: 0.0

==============End Supervised Learning==============

[Test epoch=0082]  nevals=1126244 	| train_loss=inf 	| eqs_invalid %=0.00 	| r_best=0.78397 	| quantile=0.01316 	| r_quantile_mean=0.01747 	| r_raw_sum=3.89150 	|  r_raw_mean=0.00708 	| r2=nan 	| acc_iid=0.00000 	| acc_ood=0.00000 	| nmse_test=10.0 	| true_equation_set_count=0 	| s/it=189.89516
Genetic Porgramming Runtime 119.33434684947133

=========================PGD Collection Starts=========================

(20000,)

===================Collect 20000 Examples===================

Epsilon 0.1
500
(550,)
(550,)
(57,)
Number of Programs for Minimization: 30
30
(100000, 6)
(100000,)
(100000, 6)
(100000,)

=======================Successfully Added (0,) Counter Examples=======================


============None of the candidates fulfill the conditions. Training CONTINUES!=================


============None of the candidates fulfill the conditions. Training CONTINUES!=================

(57, 318)

==============Start Supervised Learning==============

GP output mean: 0.9737361146462188
GP output success rate: 0.0

==============End Supervised Learning==============

[Test epoch=0083]  nevals=1139907 	| train_loss=inf 	| eqs_invalid %=0.00 	| r_best=0.78397 	| quantile=0.01082 	| r_quantile_mean=0.01545 	| r_raw_sum=3.49205 	|  r_raw_mean=0.00635 	| r2=nan 	| acc_iid=0.00000 	| acc_ood=0.00000 	| nmse_test=10.0 	| true_equation_set_count=0 	| s/it=198.93222
Genetic Porgramming Runtime 154.77150546759367

=========================PGD Collection Starts=========================

(20000,)

===================Collect 20000 Examples===================

Epsilon 0.1
500
(550,)
(550,)
(55,)
Number of Programs for Minimization: 28
28
(100000, 6)
(100000,)
(100000, 6)
(100000,)

=======================Successfully Added (3201, 6) Counter Examples=======================


============None of the candidates fulfill the conditions. Training CONTINUES!=================


============None of the candidates fulfill the conditions. Training CONTINUES!=================

(55, 318)

==============Start Supervised Learning==============

GP output mean: 0.9899882084162833
GP output success rate: 0.0

==============End Supervised Learning==============

[Test epoch=0084]  nevals=1153657 	| train_loss=inf 	| eqs_invalid %=0.00 	| r_best=0.78397 	| quantile=0.01230 	| r_quantile_mean=0.01856 	| r_raw_sum=3.61409 	|  r_raw_mean=0.00657 	| r2=nan 	| acc_iid=0.00000 	| acc_ood=0.00000 	| nmse_test=10.0 	| true_equation_set_count=0 	| s/it=244.34831
Genetic Porgramming Runtime 147.11116300337017

=========================PGD Collection Starts=========================

(20000,)

===================Collect 20000 Examples===================

Epsilon 0.1
500
(550,)
(550,)
(59,)
Number of Programs for Minimization: 28
28
(100000, 6)
(100000,)
(100000, 6)
(100000,)

=======================Successfully Added (0,) Counter Examples=======================


============None of the candidates fulfill the conditions. Training CONTINUES!=================


============None of the candidates fulfill the conditions. Training CONTINUES!=================

(59, 318)

==============Start Supervised Learning==============

GP output mean: 0.9912034260481204
GP output success rate: 0.0

==============End Supervised Learning==============

[Test epoch=0085]  nevals=1167376 	| train_loss=inf 	| eqs_invalid %=0.00 	| r_best=0.78397 	| quantile=0.01266 	| r_quantile_mean=0.02033 	| r_raw_sum=3.80655 	|  r_raw_mean=0.00692 	| r2=nan 	| acc_iid=0.00000 	| acc_ood=0.00000 	| nmse_test=10.0 	| true_equation_set_count=0 	| s/it=231.26459
[00:04:55:44.24] Training epoch 85/4000, current best R: 0.7840
Genetic Porgramming Runtime 128.40663773193955

=========================PGD Collection Starts=========================

(20000,)

===================Collect 20000 Examples===================

Epsilon 0.1
500
(550,)
(550,)
(56,)
Number of Programs for Minimization: 31
31
(100000, 6)
(100000,)
(100000, 6)
(100000,)

=======================Successfully Added (0,) Counter Examples=======================


============None of the candidates fulfill the conditions. Training CONTINUES!=================


============None of the candidates fulfill the conditions. Training CONTINUES!=================

(56, 318)

==============Start Supervised Learning==============

GP output mean: 0.9919362625287914
GP output success rate: 0.0

==============End Supervised Learning==============

[Test epoch=0086]  nevals=1181016 	| train_loss=inf 	| eqs_invalid %=0.00 	| r_best=0.78397 	| quantile=0.01486 	| r_quantile_mean=0.01995 	| r_raw_sum=3.94726 	|  r_raw_mean=0.00718 	| r2=nan 	| acc_iid=0.00000 	| acc_ood=0.00000 	| nmse_test=10.0 	| true_equation_set_count=0 	| s/it=215.83219
Genetic Porgramming Runtime 145.8911948390305

=========================PGD Collection Starts=========================

(20000,)

===================Collect 20000 Examples===================

Epsilon 0.1
500
(550,)
(550,)
(64,)
Number of Programs for Minimization: 29
29
(100000, 6)
(100000,)
(100000, 6)
(100000,)

=======================Successfully Added (0,) Counter Examples=======================


============None of the candidates fulfill the conditions. Training CONTINUES!=================


============None of the candidates fulfill the conditions. Training CONTINUES!=================

(64, 318)

==============Start Supervised Learning==============

GP output mean: 0.9989009291723947
GP output success rate: 0.0

==============End Supervised Learning==============

[Test epoch=0087]  nevals=1194849 	| train_loss=inf 	| eqs_invalid %=0.00 	| r_best=0.78397 	| quantile=0.01547 	| r_quantile_mean=0.02154 	| r_raw_sum=3.91767 	|  r_raw_mean=0.00712 	| r2=nan 	| acc_iid=0.00000 	| acc_ood=0.00000 	| nmse_test=10.0 	| true_equation_set_count=0 	| s/it=231.36474
Genetic Porgramming Runtime 151.91346378996968

=========================PGD Collection Starts=========================

(20000,)

===================Collect 20000 Examples===================

Epsilon 0.1
500
(550,)
(550,)
(59,)
Number of Programs for Minimization: 28
28
(100000, 6)
(100000,)
(100000, 6)
(100000,)

=======================Successfully Added (0,) Counter Examples=======================


============None of the candidates fulfill the conditions. Training CONTINUES!=================


============None of the candidates fulfill the conditions. Training CONTINUES!=================

(59, 318)

==============Start Supervised Learning==============

GP output mean: 0.9959408027499261
GP output success rate: 0.0

==============End Supervised Learning==============

[Test epoch=0088]  nevals=1208651 	| train_loss=inf 	| eqs_invalid %=0.00 	| r_best=0.78397 	| quantile=0.01127 	| r_quantile_mean=0.01560 	| r_raw_sum=2.96046 	|  r_raw_mean=0.00538 	| r2=nan 	| acc_iid=0.00000 	| acc_ood=0.00000 	| nmse_test=10.0 	| true_equation_set_count=0 	| s/it=242.94523
Genetic Porgramming Runtime 125.80478344671428

=========================PGD Collection Starts=========================

(20000,)

===================Collect 20000 Examples===================

Epsilon 0.1
500
(550,)
(550,)
(55,)
Number of Programs for Minimization: 32
32
(100000, 6)
(100000,)
(100000, 6)
(100000,)

=======================Successfully Added (0,) Counter Examples=======================


============None of the candidates fulfill the conditions. Training CONTINUES!=================


============None of the candidates fulfill the conditions. Training CONTINUES!=================

(55, 318)

==============Start Supervised Learning==============

GP output mean: 0.9937624729692315
GP output success rate: 0.0

==============End Supervised Learning==============

[Test epoch=0089]  nevals=1222479 	| train_loss=inf 	| eqs_invalid %=0.00 	| r_best=0.78397 	| quantile=0.01199 	| r_quantile_mean=0.01702 	| r_raw_sum=3.02655 	|  r_raw_mean=0.00550 	| r2=nan 	| acc_iid=0.00000 	| acc_ood=0.00000 	| nmse_test=10.0 	| true_equation_set_count=0 	| s/it=218.20434
Genetic Porgramming Runtime 178.19174599647522

=========================PGD Collection Starts=========================

(20000,)

===================Collect 20000 Examples===================

Epsilon 0.1
500
(550,)
(550,)
(55,)
Number of Programs for Minimization: 29
29
(100000, 6)
(100000,)
(100000, 6)
(100000,)

=======================Successfully Added (0,) Counter Examples=======================


============None of the candidates fulfill the conditions. Training CONTINUES!=================


============None of the candidates fulfill the conditions. Training CONTINUES!=================

(55, 318)

==============Start Supervised Learning==============

GP output mean: 0.993724616679462
GP output success rate: 0.0

==============End Supervised Learning==============

[Test epoch=0090]  nevals=1236204 	| train_loss=inf 	| eqs_invalid %=0.00 	| r_best=0.78397 	| quantile=0.01396 	| r_quantile_mean=0.02007 	| r_raw_sum=3.44084 	|  r_raw_mean=0.00626 	| r2=nan 	| acc_iid=0.00000 	| acc_ood=0.00000 	| nmse_test=10.0 	| true_equation_set_count=0 	| s/it=277.31465
[00:05:15:29.90] Training epoch 90/4000, current best R: 0.7840
Genetic Porgramming Runtime 113.77085104957223

=========================PGD Collection Starts=========================

(20000,)

===================Collect 20000 Examples===================

Epsilon 0.1
500
(550,)
(550,)
(67,)
Number of Programs for Minimization: 28
28
(100000, 6)
(100000,)
(100000, 6)
(100000,)

=======================Successfully Added (0,) Counter Examples=======================


============None of the candidates fulfill the conditions. Training CONTINUES!=================


============None of the candidates fulfill the conditions. Training CONTINUES!=================

(67, 318)

==============Start Supervised Learning==============

GP output mean: 0.9678077301484471
GP output success rate: 0.0

==============End Supervised Learning==============

[Test epoch=0091]  nevals=1249896 	| train_loss=55.41589 	| eqs_invalid %=0.00 	| r_best=0.78397 	| quantile=0.01467 	| r_quantile_mean=0.01949 	| r_raw_sum=3.89891 	|  r_raw_mean=0.00709 	| r2=nan 	| acc_iid=0.00000 	| acc_ood=0.00000 	| nmse_test=10.0 	| true_equation_set_count=0 	| s/it=200.59276
Genetic Porgramming Runtime 131.3216039687395

=========================PGD Collection Starts=========================

(20000,)

===================Collect 20000 Examples===================

Epsilon 0.1
500
(550,)
(550,)
(59,)
Number of Programs for Minimization: 52
52
(100000, 6)
(100000,)
(100000, 6)
(100000,)

=======================Successfully Added (0,) Counter Examples=======================


============None of the candidates fulfill the conditions. Training CONTINUES!=================


============None of the candidates fulfill the conditions. Training CONTINUES!=================

(59, 318)

==============Start Supervised Learning==============

GP output mean: 0.9886756886255612
GP output success rate: 0.0

==============End Supervised Learning==============

[Test epoch=0092]  nevals=1263674 	| train_loss=72.23759 	| eqs_invalid %=0.00 	| r_best=0.78397 	| quantile=0.01847 	| r_quantile_mean=0.02606 	| r_raw_sum=5.24056 	|  r_raw_mean=0.00953 	| r2=nan 	| acc_iid=0.00000 	| acc_ood=0.00000 	| nmse_test=10.0 	| true_equation_set_count=0 	| s/it=218.35827
Genetic Porgramming Runtime 143.1824720557779

=========================PGD Collection Starts=========================

(20000,)

===================Collect 20000 Examples===================

Epsilon 0.1
500
(550,)
(550,)
(57,)
Number of Programs for Minimization: 35
35
(100000, 6)
(100000,)
(100000, 6)
(100000,)

=======================Successfully Added (0,) Counter Examples=======================


============None of the candidates fulfill the conditions. Training CONTINUES!=================


============None of the candidates fulfill the conditions. Training CONTINUES!=================

(57, 318)

==============Start Supervised Learning==============

GP output mean: 0.9923441234236173
GP output success rate: 0.0

==============End Supervised Learning==============

[Test epoch=0093]  nevals=1277463 	| train_loss=inf 	| eqs_invalid %=0.00 	| r_best=0.78397 	| quantile=0.01614 	| r_quantile_mean=0.02282 	| r_raw_sum=4.98281 	|  r_raw_mean=0.00906 	| r2=nan 	| acc_iid=0.00000 	| acc_ood=0.00000 	| nmse_test=10.0 	| true_equation_set_count=0 	| s/it=224.26905
Genetic Porgramming Runtime 134.98054015636444

=========================PGD Collection Starts=========================

(20000,)

===================Collect 20000 Examples===================

Epsilon 0.1
500
(550,)
(550,)
(64,)
Number of Programs for Minimization: 64
64
(100000, 6)
(100000,)
(100000, 6)
(100000,)

=======================Successfully Added (0,) Counter Examples=======================


============None of the candidates fulfill the conditions. Training CONTINUES!=================


============None of the candidates fulfill the conditions. Training CONTINUES!=================

(64, 318)

==============Start Supervised Learning==============

GP output mean: 0.9848389781460867
GP output success rate: 0.0

==============End Supervised Learning==============

[Test epoch=0094]  nevals=1291177 	| train_loss=inf 	| eqs_invalid %=0.00 	| r_best=0.78397 	| quantile=0.01433 	| r_quantile_mean=0.01773 	| r_raw_sum=3.99915 	|  r_raw_mean=0.00727 	| r2=nan 	| acc_iid=0.00000 	| acc_ood=0.00000 	| nmse_test=10.0 	| true_equation_set_count=0 	| s/it=220.52737
Genetic Porgramming Runtime 101.58511911518872

=========================PGD Collection Starts=========================

(20000,)

===================Collect 20000 Examples===================

Epsilon 0.1
500
(550,)
(550,)
(62,)
Number of Programs for Minimization: 41
41
(100000, 6)
(100000,)
(100000, 6)
(100000,)

=======================Successfully Added (0,) Counter Examples=======================


============None of the candidates fulfill the conditions. Training CONTINUES!=================


============None of the candidates fulfill the conditions. Training CONTINUES!=================

(62, 318)

==============Start Supervised Learning==============

GP output mean: 0.9631719669424809
GP output success rate: 0.0

==============End Supervised Learning==============

[Test epoch=0095]  nevals=1304923 	| train_loss=inf 	| eqs_invalid %=0.00 	| r_best=0.78397 	| quantile=0.01148 	| r_quantile_mean=0.01561 	| r_raw_sum=3.48099 	|  r_raw_mean=0.00633 	| r2=nan 	| acc_iid=0.00000 	| acc_ood=0.00000 	| nmse_test=10.0 	| true_equation_set_count=0 	| s/it=186.67158
[00:05:33:00.32] Training epoch 95/4000, current best R: 0.7840
Genetic Porgramming Runtime 121.6353288218379

=========================PGD Collection Starts=========================

(20000,)

===================Collect 20000 Examples===================

Epsilon 0.1
500
(550,)
(550,)
(55,)
Number of Programs for Minimization: 29
29
(100000, 6)
(100000,)
(100000, 6)
(100000,)

=======================Successfully Added (0,) Counter Examples=======================


============None of the candidates fulfill the conditions. Training CONTINUES!=================


============None of the candidates fulfill the conditions. Training CONTINUES!=================

(55, 318)

==============Start Supervised Learning==============

GP output mean: 0.9190682251659128
GP output success rate: 0.0

==============End Supervised Learning==============

[Test epoch=0096]  nevals=1318656 	| train_loss=92.52331 	| eqs_invalid %=0.00 	| r_best=0.78397 	| quantile=0.01002 	| r_quantile_mean=0.01334 	| r_raw_sum=2.96260 	|  r_raw_mean=0.00539 	| r2=nan 	| acc_iid=0.00000 	| acc_ood=0.00000 	| nmse_test=10.0 	| true_equation_set_count=0 	| s/it=208.74053
Genetic Porgramming Runtime 129.11780606210232

=========================PGD Collection Starts=========================

(20000,)

===================Collect 20000 Examples===================

Epsilon 0.1
500
(550,)
(550,)
(57,)
Number of Programs for Minimization: 30
30
(100000, 6)
(100000,)
(100000, 6)
(100000,)

=======================Successfully Added (0,) Counter Examples=======================


============None of the candidates fulfill the conditions. Training CONTINUES!=================


============None of the candidates fulfill the conditions. Training CONTINUES!=================

(57, 318)

==============Start Supervised Learning==============

GP output mean: 0.9996957041104791
GP output success rate: 0.0

==============End Supervised Learning==============

[Test epoch=0097]  nevals=1332475 	| train_loss=inf 	| eqs_invalid %=0.00 	| r_best=0.78397 	| quantile=0.01007 	| r_quantile_mean=0.01273 	| r_raw_sum=2.65794 	|  r_raw_mean=0.00483 	| r2=nan 	| acc_iid=0.00000 	| acc_ood=0.00000 	| nmse_test=10.0 	| true_equation_set_count=0 	| s/it=225.68013
Genetic Porgramming Runtime 124.60534300841391

=========================PGD Collection Starts=========================

(20000,)

===================Collect 20000 Examples===================

Epsilon 0.1
500
(550,)
(550,)
(55,)
Number of Programs for Minimization: 28
28
(100000, 6)
(100000,)
(100000, 6)
(100000,)

=======================Successfully Added (0,) Counter Examples=======================


============None of the candidates fulfill the conditions. Training CONTINUES!=================


============None of the candidates fulfill the conditions. Training CONTINUES!=================

(55, 318)

==============Start Supervised Learning==============

GP output mean: 0.9968530055811371
GP output success rate: 0.0

==============End Supervised Learning==============

[Test epoch=0098]  nevals=1346188 	| train_loss=71.64423 	| eqs_invalid %=0.00 	| r_best=0.78397 	| quantile=0.00990 	| r_quantile_mean=0.01419 	| r_raw_sum=2.73840 	|  r_raw_mean=0.00498 	| r2=nan 	| acc_iid=0.00000 	| acc_ood=0.00000 	| nmse_test=10.0 	| true_equation_set_count=0 	| s/it=225.56267
Genetic Porgramming Runtime 138.38193696551025

=========================PGD Collection Starts=========================

(20000,)

===================Collect 20000 Examples===================

Epsilon 0.1
500
(550,)
(550,)
(61,)
Number of Programs for Minimization: 30
30
(100000, 6)
(100000,)
(100000, 6)
(100000,)

=======================Successfully Added (0,) Counter Examples=======================


============None of the candidates fulfill the conditions. Training CONTINUES!=================


============None of the candidates fulfill the conditions. Training CONTINUES!=================

(61, 318)

==============Start Supervised Learning==============

GP output mean: 0.999673260485711
GP output success rate: 0.0

==============End Supervised Learning==============

[Test epoch=0099]  nevals=1360000 	| train_loss=55.25517 	| eqs_invalid %=0.00 	| r_best=0.78397 	| quantile=0.01463 	| r_quantile_mean=0.01990 	| r_raw_sum=4.39195 	|  r_raw_mean=0.00799 	| r2=nan 	| acc_iid=0.00000 	| acc_ood=0.00000 	| nmse_test=10.0 	| true_equation_set_count=0 	| s/it=232.72101
Genetic Porgramming Runtime 120.23752386868

=========================PGD Collection Starts=========================

(20000,)

===================Collect 20000 Examples===================

Epsilon 0.1
500
(550,)
(550,)
(57,)
Number of Programs for Minimization: 57
57
(100000, 6)
(100000,)
(100000, 6)
(100000,)

=======================Successfully Added (0,) Counter Examples=======================


============None of the candidates fulfill the conditions. Training CONTINUES!=================


============None of the candidates fulfill the conditions. Training CONTINUES!=================

(57, 318)

==============Start Supervised Learning==============

GP output mean: 0.9764656743240802
GP output success rate: 0.0

==============End Supervised Learning==============

[Test epoch=0100]  nevals=1373691 	| train_loss=431.44064 	| eqs_invalid %=0.00 	| r_best=0.78397 	| quantile=0.02248 	| r_quantile_mean=0.02272 	| r_raw_sum=5.13152 	|  r_raw_mean=0.00933 	| r2=nan 	| acc_iid=0.00000 	| acc_ood=0.00000 	| nmse_test=10.0 	| true_equation_set_count=0 	| s/it=202.16188
[00:05:51:15.18] Training epoch 100/4000, current best R: 0.7840
Genetic Porgramming Runtime 143.60689241439104

=========================PGD Collection Starts=========================

(20000,)

===================Collect 20000 Examples===================

Epsilon 0.1
500
(550,)
(550,)
(70,)
Number of Programs for Minimization: 70
70
(100000, 6)
(100000,)
(100000, 6)
(100000,)

=======================Successfully Added (0,) Counter Examples=======================


============None of the candidates fulfill the conditions. Training CONTINUES!=================


============None of the candidates fulfill the conditions. Training CONTINUES!=================

(70, 318)

==============Start Supervised Learning==============

GP output mean: 0.9944639539332315
GP output success rate: 0.0

==============End Supervised Learning==============

[Test epoch=0101]  nevals=1387490 	| train_loss=inf 	| eqs_invalid %=0.00 	| r_best=0.78397 	| quantile=0.02387 	| r_quantile_mean=0.02412 	| r_raw_sum=5.52282 	|  r_raw_mean=0.01004 	| r2=nan 	| acc_iid=0.00000 	| acc_ood=0.00000 	| nmse_test=10.0 	| true_equation_set_count=0 	| s/it=230.24722
Genetic Porgramming Runtime 140.04607183486223

=========================PGD Collection Starts=========================

(20000,)

===================Collect 20000 Examples===================

Epsilon 0.1
500
(550,)
(550,)
(56,)
Number of Programs for Minimization: 31
31
(100000, 6)
(100000,)
(100000, 6)
(100000,)

=======================Successfully Added (0,) Counter Examples=======================


============None of the candidates fulfill the conditions. Training CONTINUES!=================


============None of the candidates fulfill the conditions. Training CONTINUES!=================

(56, 318)

==============Start Supervised Learning==============

GP output mean: 0.9850885837393046
GP output success rate: 0.0

==============End Supervised Learning==============

[Test epoch=0102]  nevals=1401252 	| train_loss=180.35992 	| eqs_invalid %=0.00 	| r_best=0.78397 	| quantile=0.01470 	| r_quantile_mean=0.02032 	| r_raw_sum=4.70210 	|  r_raw_mean=0.00855 	| r2=nan 	| acc_iid=0.00000 	| acc_ood=0.00000 	| nmse_test=10.0 	| true_equation_set_count=0 	| s/it=228.26640
Genetic Porgramming Runtime 127.88475692644715

=========================PGD Collection Starts=========================

(20000,)

===================Collect 20000 Examples===================

Epsilon 0.1
500
(550,)
(550,)
(55,)
Number of Programs for Minimization: 28
28
(100000, 6)
(100000,)
(100000, 6)
(100000,)

=======================Successfully Added (0,) Counter Examples=======================


============None of the candidates fulfill the conditions. Training CONTINUES!=================


============None of the candidates fulfill the conditions. Training CONTINUES!=================

(55, 318)

==============Start Supervised Learning==============

GP output mean: 0.9939700120418896
GP output success rate: 0.0

==============End Supervised Learning==============

[Test epoch=0103]  nevals=1414863 	| train_loss=104.85254 	| eqs_invalid %=0.00 	| r_best=0.78397 	| quantile=0.01479 	| r_quantile_mean=0.01890 	| r_raw_sum=4.38102 	|  r_raw_mean=0.00797 	| r2=nan 	| acc_iid=0.00000 	| acc_ood=0.00000 	| nmse_test=10.0 	| true_equation_set_count=0 	| s/it=217.39976
Genetic Porgramming Runtime 172.12597419694066

=========================PGD Collection Starts=========================

(20000,)

===================Collect 20000 Examples===================

Epsilon 0.1
500
(550,)
(550,)
(59,)
Number of Programs for Minimization: 38
38
(100000, 6)
(100000,)
(100000, 6)
(100000,)

=======================Successfully Added (0,) Counter Examples=======================


============None of the candidates fulfill the conditions. Training CONTINUES!=================


============None of the candidates fulfill the conditions. Training CONTINUES!=================

(59, 318)

==============Start Supervised Learning==============

GP output mean: 0.9932930045640024
GP output success rate: 0.0

==============End Supervised Learning==============

[Test epoch=0104]  nevals=1428615 	| train_loss=inf 	| eqs_invalid %=0.00 	| r_best=0.78397 	| quantile=0.01475 	| r_quantile_mean=0.01735 	| r_raw_sum=4.44118 	|  r_raw_mean=0.00807 	| r2=nan 	| acc_iid=0.00000 	| acc_ood=0.00000 	| nmse_test=10.0 	| true_equation_set_count=0 	| s/it=262.66724
Genetic Porgramming Runtime 110.75736399367452

=========================PGD Collection Starts=========================

(20000,)

===================Collect 20000 Examples===================

Epsilon 0.1
500
(550,)
(550,)
(56,)
Number of Programs for Minimization: 30
30
(100000, 6)
(100000,)
(100000, 6)
(100000,)

=======================Successfully Added (0,) Counter Examples=======================


============None of the candidates fulfill the conditions. Training CONTINUES!=================


============None of the candidates fulfill the conditions. Training CONTINUES!=================

(56, 318)

==============Start Supervised Learning==============

GP output mean: 0.9975184682450463
GP output success rate: 0.0

==============End Supervised Learning==============

[Test epoch=0105]  nevals=1442321 	| train_loss=220.24785 	| eqs_invalid %=0.00 	| r_best=0.78397 	| quantile=0.01588 	| r_quantile_mean=0.02217 	| r_raw_sum=4.92047 	|  r_raw_mean=0.00895 	| r2=nan 	| acc_iid=0.00000 	| acc_ood=0.00000 	| nmse_test=10.0 	| true_equation_set_count=0 	| s/it=200.30157
[00:06:10:14.07] Training epoch 105/4000, current best R: 0.7840
Genetic Porgramming Runtime 157.23031070828438

=========================PGD Collection Starts=========================

(20000,)

===================Collect 20000 Examples===================

Epsilon 0.1
500
(550,)
(550,)
(62,)
Number of Programs for Minimization: 40
40
(100000, 6)
(100000,)
(100000, 6)
(100000,)

=======================Successfully Added (0,) Counter Examples=======================


============None of the candidates fulfill the conditions. Training CONTINUES!=================


============None of the candidates fulfill the conditions. Training CONTINUES!=================

(62, 318)

==============Start Supervised Learning==============

GP output mean: 0.9935411307974663
GP output success rate: 0.0

==============End Supervised Learning==============

[Test epoch=0106]  nevals=1456113 	| train_loss=45.02850 	| eqs_invalid %=0.00 	| r_best=0.78397 	| quantile=0.01456 	| r_quantile_mean=0.01688 	| r_raw_sum=3.92168 	|  r_raw_mean=0.00713 	| r2=nan 	| acc_iid=0.00000 	| acc_ood=0.00000 	| nmse_test=10.0 	| true_equation_set_count=0 	| s/it=252.26375
Genetic Porgramming Runtime 104.53790066763759

=========================PGD Collection Starts=========================

(20000,)

===================Collect 20000 Examples===================

Epsilon 0.1
500
(550,)
(550,)
(58,)
Number of Programs for Minimization: 32
32
(100000, 6)
(100000,)
(100000, 6)
(100000,)

=======================Successfully Added (0,) Counter Examples=======================


============None of the candidates fulfill the conditions. Training CONTINUES!=================


============None of the candidates fulfill the conditions. Training CONTINUES!=================

(58, 318)

==============Start Supervised Learning==============

GP output mean: 0.9883371767890659
GP output success rate: 0.0

==============End Supervised Learning==============

[Test epoch=0107]  nevals=1469896 	| train_loss=inf 	| eqs_invalid %=0.00 	| r_best=0.78397 	| quantile=0.01517 	| r_quantile_mean=0.02051 	| r_raw_sum=4.40891 	|  r_raw_mean=0.00802 	| r2=nan 	| acc_iid=0.00000 	| acc_ood=0.00000 	| nmse_test=10.0 	| true_equation_set_count=0 	| s/it=201.14156
Genetic Porgramming Runtime 140.25014510564506

=========================PGD Collection Starts=========================

(20000,)

===================Collect 20000 Examples===================

Epsilon 0.1
500
(550,)
(550,)
(55,)
Number of Programs for Minimization: 54
54
(100000, 6)
(100000,)
(100000, 6)
(100000,)

=======================Successfully Added (0,) Counter Examples=======================


============None of the candidates fulfill the conditions. Training CONTINUES!=================


============None of the candidates fulfill the conditions. Training CONTINUES!=================

(55, 318)

==============Start Supervised Learning==============

GP output mean: 0.9950797871451971
GP output success rate: 0.0

==============End Supervised Learning==============

[Test epoch=0108]  nevals=1483639 	| train_loss=inf 	| eqs_invalid %=0.00 	| r_best=0.78397 	| quantile=0.02124 	| r_quantile_mean=0.02522 	| r_raw_sum=5.25751 	|  r_raw_mean=0.00956 	| r2=nan 	| acc_iid=0.00000 	| acc_ood=0.00000 	| nmse_test=10.0 	| true_equation_set_count=0 	| s/it=235.82606
Genetic Porgramming Runtime 77.86559232510626

=========================PGD Collection Starts=========================

(20000,)

===================Collect 20000 Examples===================

Epsilon 0.1
500
(550,)
(550,)
(95,)
Number of Programs for Minimization: 28
28
(100000, 6)
(100000,)
(100000, 6)
(100000,)

=======================Successfully Added (0,) Counter Examples=======================


============None of the candidates fulfill the conditions. Training CONTINUES!=================


============None of the candidates fulfill the conditions. Training CONTINUES!=================

(95, 318)

==============Start Supervised Learning==============

GP output mean: 0.3042298777776364
GP output success rate: 0.0

==============End Supervised Learning==============

[Test epoch=0109]  nevals=1497388 	| train_loss=inf 	| eqs_invalid %=0.00 	| r_best=0.78397 	| quantile=0.02330 	| r_quantile_mean=0.02615 	| r_raw_sum=6.24313 	|  r_raw_mean=0.01135 	| r2=nan 	| acc_iid=0.00000 	| acc_ood=0.00000 	| nmse_test=10.0 	| true_equation_set_count=0 	| s/it=158.32098
Genetic Porgramming Runtime 123.65935790352523

=========================PGD Collection Starts=========================

(20000,)

===================Collect 20000 Examples===================

Epsilon 0.1
500
(550,)
(550,)
(60,)
Number of Programs for Minimization: 50
50
(100000, 6)
(100000,)
(100000, 6)
(100000,)

=======================Successfully Added (0,) Counter Examples=======================


============None of the candidates fulfill the conditions. Training CONTINUES!=================


============None of the candidates fulfill the conditions. Training CONTINUES!=================

(60, 318)

==============Start Supervised Learning==============

GP output mean: 0.9622828444621606
GP output success rate: 0.0

==============End Supervised Learning==============

[Test epoch=0110]  nevals=1511119 	| train_loss=35.01440 	| eqs_invalid %=0.00 	| r_best=0.78397 	| quantile=0.01768 	| r_quantile_mean=0.02199 	| r_raw_sum=4.99168 	|  r_raw_mean=0.00908 	| r2=nan 	| acc_iid=0.00000 	| acc_ood=0.00000 	| nmse_test=10.0 	| true_equation_set_count=0 	| s/it=211.66529
[00:06:27:53.29] Training epoch 110/4000, current best R: 0.7840
Genetic Porgramming Runtime 103.41032934375107

=========================PGD Collection Starts=========================

(20000,)

===================Collect 20000 Examples===================

Epsilon 0.1
500
(550,)
(550,)
(57,)
Number of Programs for Minimization: 40
40
(100000, 6)
(100000,)
(100000, 6)
(100000,)

=======================Successfully Added (0,) Counter Examples=======================


============None of the candidates fulfill the conditions. Training CONTINUES!=================


============None of the candidates fulfill the conditions. Training CONTINUES!=================

(57, 318)

==============Start Supervised Learning==============

GP output mean: 0.9955554360638412
GP output success rate: 0.0

==============End Supervised Learning==============

[Test epoch=0111]  nevals=1524847 	| train_loss=210.18593 	| eqs_invalid %=0.00 	| r_best=0.78397 	| quantile=0.01446 	| r_quantile_mean=0.02139 	| r_raw_sum=3.87187 	|  r_raw_mean=0.00704 	| r2=nan 	| acc_iid=0.00000 	| acc_ood=0.00000 	| nmse_test=10.0 	| true_equation_set_count=0 	| s/it=207.08554
Genetic Porgramming Runtime 153.89579984731972

=========================PGD Collection Starts=========================

(20000,)

===================Collect 20000 Examples===================

Epsilon 0.1
500
(550,)
(550,)
(55,)
Number of Programs for Minimization: 36
36
(100000, 6)
(100000,)
(100000, 6)
(100000,)

=======================Successfully Added (0,) Counter Examples=======================


============None of the candidates fulfill the conditions. Training CONTINUES!=================


============None of the candidates fulfill the conditions. Training CONTINUES!=================

(55, 318)

==============Start Supervised Learning==============

GP output mean: 0.9930365735684138
GP output success rate: 0.0

==============End Supervised Learning==============

[Test epoch=0112]  nevals=1538601 	| train_loss=inf 	| eqs_invalid %=0.00 	| r_best=0.78397 	| quantile=0.01502 	| r_quantile_mean=0.02165 	| r_raw_sum=4.29786 	|  r_raw_mean=0.00781 	| r2=nan 	| acc_iid=0.00000 	| acc_ood=0.00000 	| nmse_test=10.0 	| true_equation_set_count=0 	| s/it=262.34504
Genetic Porgramming Runtime 111.55047028698027

=========================PGD Collection Starts=========================

(20000,)

===================Collect 20000 Examples===================

Epsilon 0.1
500
(550,)
(550,)
(74,)
Number of Programs for Minimization: 74
74
(100000, 6)
(100000,)
(100000, 6)
(100000,)

=======================Successfully Added (0,) Counter Examples=======================


============None of the candidates fulfill the conditions. Training CONTINUES!=================


============None of the candidates fulfill the conditions. Training CONTINUES!=================

(74, 318)

==============Start Supervised Learning==============

GP output mean: 0.9984456904783487
GP output success rate: 0.0

==============End Supervised Learning==============

[Test epoch=0113]  nevals=1552434 	| train_loss=122.62158 	| eqs_invalid %=0.00 	| r_best=0.78397 	| quantile=0.02263 	| r_quantile_mean=0.02310 	| r_raw_sum=5.47502 	|  r_raw_mean=0.00995 	| r2=nan 	| acc_iid=0.00000 	| acc_ood=0.00000 	| nmse_test=10.0 	| true_equation_set_count=0 	| s/it=210.35725
Genetic Porgramming Runtime 128.28628612682223

=========================PGD Collection Starts=========================

(20000,)

===================Collect 20000 Examples===================

Epsilon 0.1
500
(550,)
(550,)
(79,)
Number of Programs for Minimization: 51
51
(100000, 6)
(100000,)
(100000, 6)
(100000,)

=======================Successfully Added (0,) Counter Examples=======================


============None of the candidates fulfill the conditions. Training CONTINUES!=================


============None of the candidates fulfill the conditions. Training CONTINUES!=================

(79, 318)

==============Start Supervised Learning==============

GP output mean: 0.9839479369302097
GP output success rate: 0.0

==============End Supervised Learning==============

[Test epoch=0114]  nevals=1566122 	| train_loss=inf 	| eqs_invalid %=0.00 	| r_best=0.78397 	| quantile=0.01877 	| r_quantile_mean=0.02227 	| r_raw_sum=5.25732 	|  r_raw_mean=0.00956 	| r2=nan 	| acc_iid=0.00000 	| acc_ood=0.00000 	| nmse_test=10.0 	| true_equation_set_count=0 	| s/it=230.30566
Genetic Porgramming Runtime 163.03405893594027

=========================PGD Collection Starts=========================

(20000,)

===================Collect 20000 Examples===================

Epsilon 0.1
500
(550,)
(550,)
(67,)
Number of Programs for Minimization: 40
40
(100000, 6)
(100000,)
(100000, 6)
(100000,)

=======================Successfully Added (0,) Counter Examples=======================


============None of the candidates fulfill the conditions. Training CONTINUES!=================


============None of the candidates fulfill the conditions. Training CONTINUES!=================

(67, 318)

==============Start Supervised Learning==============

GP output mean: 0.9973636209919406
GP output success rate: 0.0

==============End Supervised Learning==============

[Test epoch=0115]  nevals=1579863 	| train_loss=76.49558 	| eqs_invalid %=0.00 	| r_best=0.78397 	| quantile=0.01515 	| r_quantile_mean=0.01954 	| r_raw_sum=4.37964 	|  r_raw_mean=0.00796 	| r2=nan 	| acc_iid=0.00000 	| acc_ood=0.00000 	| nmse_test=10.0 	| true_equation_set_count=0 	| s/it=269.32995
[00:06:47:32.71] Training epoch 115/4000, current best R: 0.7840
Genetic Porgramming Runtime 159.63689586892724

=========================PGD Collection Starts=========================

(20000,)

===================Collect 20000 Examples===================

Epsilon 0.1
500
(550,)
(550,)
(57,)
Number of Programs for Minimization: 34
34
(100000, 6)
(100000,)
(100000, 6)
(100000,)

=======================Successfully Added (0,) Counter Examples=======================


============None of the candidates fulfill the conditions. Training CONTINUES!=================


============None of the candidates fulfill the conditions. Training CONTINUES!=================

(57, 318)

==============Start Supervised Learning==============

GP output mean: 0.9945303081781107
GP output success rate: 0.0

==============End Supervised Learning==============

[Test epoch=0116]  nevals=1593660 	| train_loss=inf 	| eqs_invalid %=0.00 	| r_best=0.78397 	| quantile=0.01513 	| r_quantile_mean=0.01981 	| r_raw_sum=4.22945 	|  r_raw_mean=0.00769 	| r2=nan 	| acc_iid=0.00000 	| acc_ood=0.00000 	| nmse_test=10.0 	| true_equation_set_count=0 	| s/it=262.37932
Genetic Porgramming Runtime 141.2808135524392

=========================PGD Collection Starts=========================

(20000,)

===================Collect 20000 Examples===================

Epsilon 0.1
500
(550,)
(550,)
(56,)
Number of Programs for Minimization: 32
32
(100000, 6)
(100000,)
(100000, 6)
(100000,)

=======================Successfully Added (0,) Counter Examples=======================


============None of the candidates fulfill the conditions. Training CONTINUES!=================


============None of the candidates fulfill the conditions. Training CONTINUES!=================

(56, 318)

==============Start Supervised Learning==============

GP output mean: 0.9818395938075123
GP output success rate: 0.0

==============End Supervised Learning==============

[Test epoch=0117]  nevals=1607537 	| train_loss=inf 	| eqs_invalid %=0.00 	| r_best=0.78397 	| quantile=0.01343 	| r_quantile_mean=0.01762 	| r_raw_sum=3.69150 	|  r_raw_mean=0.00671 	| r2=nan 	| acc_iid=0.00000 	| acc_ood=0.00000 	| nmse_test=10.0 	| true_equation_set_count=0 	| s/it=242.70759
Genetic Porgramming Runtime 121.60037179104984

=========================PGD Collection Starts=========================

(20000,)

===================Collect 20000 Examples===================

Epsilon 0.1
500
(550,)
(550,)
(74,)
Number of Programs for Minimization: 33
33
(100000, 6)
(100000,)
(100000, 6)
(100000,)

=======================Successfully Added (0,) Counter Examples=======================


============None of the candidates fulfill the conditions. Training CONTINUES!=================


============None of the candidates fulfill the conditions. Training CONTINUES!=================

(74, 318)

==============Start Supervised Learning==============

GP output mean: 0.9929280686937648
GP output success rate: 0.0

==============End Supervised Learning==============

[Test epoch=0118]  nevals=1621333 	| train_loss=87.92846 	| eqs_invalid %=0.00 	| r_best=0.78397 	| quantile=0.01316 	| r_quantile_mean=0.01608 	| r_raw_sum=4.00974 	|  r_raw_mean=0.00729 	| r2=nan 	| acc_iid=0.00000 	| acc_ood=0.00000 	| nmse_test=10.0 	| true_equation_set_count=0 	| s/it=231.62863
Genetic Porgramming Runtime 134.13375025242567

=========================PGD Collection Starts=========================

(20000,)

===================Collect 20000 Examples===================

Epsilon 0.1
500
(550,)
(550,)
(72,)
Number of Programs for Minimization: 51
51
(100000, 6)
(100000,)
(100000, 6)
(100000,)

=======================Successfully Added (0,) Counter Examples=======================


============None of the candidates fulfill the conditions. Training CONTINUES!=================


============None of the candidates fulfill the conditions. Training CONTINUES!=================

(72, 318)

==============Start Supervised Learning==============

GP output mean: 0.994084505852161
GP output success rate: 0.0

==============End Supervised Learning==============

[Test epoch=0119]  nevals=1635022 	| train_loss=inf 	| eqs_invalid %=0.00 	| r_best=0.78397 	| quantile=0.01882 	| r_quantile_mean=0.02295 	| r_raw_sum=5.34122 	|  r_raw_mean=0.00971 	| r2=nan 	| acc_iid=0.00000 	| acc_ood=0.00000 	| nmse_test=10.0 	| true_equation_set_count=0 	| s/it=235.51006
Genetic Porgramming Runtime 119.58266726508737

=========================PGD Collection Starts=========================

(20000,)

===================Collect 20000 Examples===================

Epsilon 0.1
500
(550,)
(550,)
(65,)
Number of Programs for Minimization: 52
52
(100000, 6)
(100000,)
(100000, 6)
(100000,)

=======================Successfully Added (0,) Counter Examples=======================


============None of the candidates fulfill the conditions. Training CONTINUES!=================


============None of the candidates fulfill the conditions. Training CONTINUES!=================

(65, 318)

==============Start Supervised Learning==============

GP output mean: 0.9953674276397863
GP output success rate: 0.0

==============End Supervised Learning==============

[Test epoch=0120]  nevals=1648722 	| train_loss=inf 	| eqs_invalid %=0.00 	| r_best=0.78397 	| quantile=0.01878 	| r_quantile_mean=0.02324 	| r_raw_sum=5.34369 	|  r_raw_mean=0.00972 	| r2=nan 	| acc_iid=0.00000 	| acc_ood=0.00000 	| nmse_test=10.0 	| true_equation_set_count=0 	| s/it=219.94388
[00:07:07:24.88] Training epoch 120/4000, current best R: 0.7840
Genetic Porgramming Runtime 153.46365105360746

=========================PGD Collection Starts=========================

(20000,)

===================Collect 20000 Examples===================

Epsilon 0.1
500
(550,)
(550,)
(56,)
Number of Programs for Minimization: 40
40
(100000, 6)
(100000,)
(100000, 6)
(100000,)

=======================Successfully Added (0,) Counter Examples=======================


============None of the candidates fulfill the conditions. Training CONTINUES!=================


============None of the candidates fulfill the conditions. Training CONTINUES!=================

(56, 318)

==============Start Supervised Learning==============

GP output mean: 0.9963007022279573
GP output success rate: 0.0

==============End Supervised Learning==============

[Test epoch=0121]  nevals=1662412 	| train_loss=57.85853 	| eqs_invalid %=0.00 	| r_best=0.78397 	| quantile=0.01230 	| r_quantile_mean=0.01698 	| r_raw_sum=3.34109 	|  r_raw_mean=0.00607 	| r2=nan 	| acc_iid=0.00000 	| acc_ood=0.00000 	| nmse_test=10.0 	| true_equation_set_count=0 	| s/it=255.40968
Genetic Porgramming Runtime 158.64120971411467

=========================PGD Collection Starts=========================

(20000,)

===================Collect 20000 Examples===================

Epsilon 0.1
500
(550,)
(550,)
(56,)
Number of Programs for Minimization: 28
28
(100000, 6)
(100000,)
(100000, 6)
(100000,)

=======================Successfully Added (0,) Counter Examples=======================


============None of the candidates fulfill the conditions. Training CONTINUES!=================


============None of the candidates fulfill the conditions. Training CONTINUES!=================

(56, 318)

==============Start Supervised Learning==============

GP output mean: 0.995139934936569
GP output success rate: 0.0

==============End Supervised Learning==============

[Test epoch=0122]  nevals=1676175 	| train_loss=199.17056 	| eqs_invalid %=0.00 	| r_best=0.78397 	| quantile=0.00997 	| r_quantile_mean=0.01363 	| r_raw_sum=2.90058 	|  r_raw_mean=0.00527 	| r2=nan 	| acc_iid=0.00000 	| acc_ood=0.00000 	| nmse_test=10.0 	| true_equation_set_count=0 	| s/it=273.01161
Genetic Porgramming Runtime 163.39976504817605

=========================PGD Collection Starts=========================

(20000,)

===================Collect 20000 Examples===================

Epsilon 0.1
500
(550,)
(550,)
(56,)
Number of Programs for Minimization: 29
29
(100000, 6)
(100000,)
(100000, 6)
(100000,)

=======================Successfully Added (3201, 6) Counter Examples=======================


============None of the candidates fulfill the conditions. Training CONTINUES!=================


============None of the candidates fulfill the conditions. Training CONTINUES!=================

(56, 318)

==============Start Supervised Learning==============

GP output mean: 0.9939100698564594
GP output success rate: 0.0

==============End Supervised Learning==============

[Test epoch=0123]  nevals=1689922 	| train_loss=inf 	| eqs_invalid %=0.00 	| r_best=0.78397 	| quantile=0.00885 	| r_quantile_mean=0.01165 	| r_raw_sum=2.71902 	|  r_raw_mean=0.00494 	| r2=nan 	| acc_iid=0.00000 	| acc_ood=0.00000 	| nmse_test=10.0 	| true_equation_set_count=0 	| s/it=289.36449
Genetic Porgramming Runtime 129.2716290205717

=========================PGD Collection Starts=========================

(20000,)

===================Collect 20000 Examples===================

Epsilon 0.1
500
(550,)
(550,)
(56,)
Number of Programs for Minimization: 31
31
(100000, 6)
(100000,)
(100000, 6)
(100000,)

=======================Successfully Added (0,) Counter Examples=======================


============None of the candidates fulfill the conditions. Training CONTINUES!=================


============None of the candidates fulfill the conditions. Training CONTINUES!=================

(56, 318)

==============Start Supervised Learning==============

GP output mean: 0.9949206310513063
GP output success rate: 0.0

==============End Supervised Learning==============

[Test epoch=0124]  nevals=1703675 	| train_loss=73.34526 	| eqs_invalid %=0.00 	| r_best=0.78397 	| quantile=0.00982 	| r_quantile_mean=0.01232 	| r_raw_sum=2.97138 	|  r_raw_mean=0.00540 	| r2=nan 	| acc_iid=0.00000 	| acc_ood=0.00000 	| nmse_test=10.0 	| true_equation_set_count=0 	| s/it=252.23168
Genetic Porgramming Runtime 123.5405767839402

=========================PGD Collection Starts=========================

(20000,)

===================Collect 20000 Examples===================

Epsilon 0.1
500
(550,)
(550,)
(56,)
Number of Programs for Minimization: 36
36
(100000, 6)
(100000,)
(100000, 6)
(100000,)

=======================Successfully Added (0,) Counter Examples=======================


============None of the candidates fulfill the conditions. Training CONTINUES!=================


============None of the candidates fulfill the conditions. Training CONTINUES!=================

(56, 318)

==============Start Supervised Learning==============

GP output mean: 0.9991382204415937
GP output success rate: 0.0

==============End Supervised Learning==============

[Test epoch=0125]  nevals=1717375 	| train_loss=inf 	| eqs_invalid %=0.00 	| r_best=0.78397 	| quantile=0.01556 	| r_quantile_mean=0.02117 	| r_raw_sum=5.06749 	|  r_raw_mean=0.00921 	| r2=nan 	| acc_iid=0.00000 	| acc_ood=0.00000 	| nmse_test=10.0 	| true_equation_set_count=0 	| s/it=230.54191
[00:07:29:05.44] Training epoch 125/4000, current best R: 0.7840
Genetic Porgramming Runtime 101.19668831862509

=========================PGD Collection Starts=========================

(20000,)

===================Collect 20000 Examples===================

Epsilon 0.1
500
(550,)
(550,)
(85,)
Number of Programs for Minimization: 85
85
(100000, 6)
(100000,)
(100000, 6)
(100000,)

=======================Successfully Added (0,) Counter Examples=======================


============None of the candidates fulfill the conditions. Training CONTINUES!=================


============None of the candidates fulfill the conditions. Training CONTINUES!=================

(85, 318)

==============Start Supervised Learning==============

GP output mean: 0.9594291860424327
GP output success rate: 0.0

==============End Supervised Learning==============

[Test epoch=0126]  nevals=1731191 	| train_loss=182.33966 	| eqs_invalid %=0.55 	| r_best=0.78397 	| quantile=0.02285 	| r_quantile_mean=0.02318 	| r_raw_sum=5.90065 	|  r_raw_mean=0.01081 	| r2=nan 	| acc_iid=0.00000 	| acc_ood=0.00000 	| nmse_test=10.0 	| true_equation_set_count=0 	| s/it=200.17533
Genetic Porgramming Runtime 110.79426693357527

=========================PGD Collection Starts=========================

(20000,)

===================Collect 20000 Examples===================

Epsilon 0.1
500
(550,)
(550,)
(86,)
Number of Programs for Minimization: 86
86
(100000, 6)
(100000,)
(100000, 6)
(100000,)

=======================Successfully Added (0,) Counter Examples=======================


============None of the candidates fulfill the conditions. Training CONTINUES!=================


============None of the candidates fulfill the conditions. Training CONTINUES!=================

(86, 318)

==============Start Supervised Learning==============

GP output mean: 0.9985067082226669
GP output success rate: 0.0

==============End Supervised Learning==============

[Test epoch=0127]  nevals=1744999 	| train_loss=inf 	| eqs_invalid %=0.00 	| r_best=0.78397 	| quantile=0.02372 	| r_quantile_mean=0.02372 	| r_raw_sum=6.21314 	|  r_raw_mean=0.01130 	| r2=nan 	| acc_iid=0.00000 	| acc_ood=0.00000 	| nmse_test=10.0 	| true_equation_set_count=0 	| s/it=216.04298
Genetic Porgramming Runtime 173.28950119018555

=========================PGD Collection Starts=========================

(20000,)

===================Collect 20000 Examples===================

Epsilon 0.1
500
(550,)
(550,)
(56,)
Number of Programs for Minimization: 52
52
(100000, 6)
(100000,)
(100000, 6)
(100000,)

=======================Successfully Added (0,) Counter Examples=======================


============None of the candidates fulfill the conditions. Training CONTINUES!=================


============None of the candidates fulfill the conditions. Training CONTINUES!=================

(56, 318)

==============Start Supervised Learning==============

GP output mean: 0.9976858565866575
GP output success rate: 0.0

==============End Supervised Learning==============

[Test epoch=0128]  nevals=1758763 	| train_loss=110.47535 	| eqs_invalid %=0.00 	| r_best=0.78397 	| quantile=0.01936 	| r_quantile_mean=0.02259 	| r_raw_sum=5.25344 	|  r_raw_mean=0.00955 	| r2=nan 	| acc_iid=0.00000 	| acc_ood=0.00000 	| nmse_test=10.0 	| true_equation_set_count=0 	| s/it=281.93029
Genetic Porgramming Runtime 119.84224161878228

=========================PGD Collection Starts=========================

(20000,)

===================Collect 20000 Examples===================

Epsilon 0.1
500
(550,)
(550,)
(70,)
Number of Programs for Minimization: 29
29
(100000, 6)
(100000,)
(100000, 6)
(100000,)

=======================Successfully Added (0,) Counter Examples=======================


============None of the candidates fulfill the conditions. Training CONTINUES!=================


============None of the candidates fulfill the conditions. Training CONTINUES!=================

(70, 318)

==============Start Supervised Learning==============

GP output mean: 0.9797227925849161
GP output success rate: 0.0

==============End Supervised Learning==============

[Test epoch=0129]  nevals=1772551 	| train_loss=inf 	| eqs_invalid %=0.00 	| r_best=0.78397 	| quantile=0.01520 	| r_quantile_mean=0.01732 	| r_raw_sum=4.26269 	|  r_raw_mean=0.00775 	| r2=nan 	| acc_iid=0.00000 	| acc_ood=0.00000 	| nmse_test=10.0 	| true_equation_set_count=0 	| s/it=229.63052
Genetic Porgramming Runtime 141.78818376548588

=========================PGD Collection Starts=========================

(20000,)

===================Collect 20000 Examples===================

Epsilon 0.1
500
(550,)
(550,)
(55,)
Number of Programs for Minimization: 28
28
(100000, 6)
(100000,)
(100000, 6)
(100000,)

=======================Successfully Added (0,) Counter Examples=======================


============None of the candidates fulfill the conditions. Training CONTINUES!=================


============None of the candidates fulfill the conditions. Training CONTINUES!=================

(55, 318)

==============Start Supervised Learning==============

GP output mean: 0.9536753674821088
GP output success rate: 0.0

==============End Supervised Learning==============

[Test epoch=0130]  nevals=1786320 	| train_loss=123.52914 	| eqs_invalid %=0.00 	| r_best=0.78397 	| quantile=0.01009 	| r_quantile_mean=0.01387 	| r_raw_sum=3.04337 	|  r_raw_mean=0.00553 	| r2=nan 	| acc_iid=0.00000 	| acc_ood=0.00000 	| nmse_test=10.0 	| true_equation_set_count=0 	| s/it=249.04887
[00:07:48:42.27] Training epoch 130/4000, current best R: 0.7840
Genetic Porgramming Runtime 129.84499705210328

=========================PGD Collection Starts=========================

(20000,)

===================Collect 20000 Examples===================

Epsilon 0.1
500
(550,)
(550,)
(57,)
Number of Programs for Minimization: 28
28
(100000, 6)
(100000,)
(100000, 6)
(100000,)

=======================Successfully Added (0,) Counter Examples=======================


============None of the candidates fulfill the conditions. Training CONTINUES!=================


============None of the candidates fulfill the conditions. Training CONTINUES!=================

(57, 318)

==============Start Supervised Learning==============

GP output mean: 0.9950328376937944
GP output success rate: 0.0

==============End Supervised Learning==============

[Test epoch=0131]  nevals=1799971 	| train_loss=52.08834 	| eqs_invalid %=0.00 	| r_best=0.78397 	| quantile=0.01069 	| r_quantile_mean=0.01406 	| r_raw_sum=3.10486 	|  r_raw_mean=0.00565 	| r2=nan 	| acc_iid=0.00000 	| acc_ood=0.00000 	| nmse_test=10.0 	| true_equation_set_count=0 	| s/it=245.67798
Genetic Porgramming Runtime 114.08271030895412

=========================PGD Collection Starts=========================

(20000,)

===================Collect 20000 Examples===================

Epsilon 0.1
500
(550,)
(550,)
(55,)
Number of Programs for Minimization: 34
34
(100000, 6)
(100000,)
(100000, 6)
(100000,)

=======================Successfully Added (0,) Counter Examples=======================


============None of the candidates fulfill the conditions. Training CONTINUES!=================


============None of the candidates fulfill the conditions. Training CONTINUES!=================

(55, 318)

==============Start Supervised Learning==============

GP output mean: 0.9999031784414395
GP output success rate: 0.0

==============End Supervised Learning==============

[Test epoch=0132]  nevals=1813742 	| train_loss=444.21970 	| eqs_invalid %=0.00 	| r_best=0.78397 	| quantile=0.01084 	| r_quantile_mean=0.01366 	| r_raw_sum=2.95736 	|  r_raw_mean=0.00538 	| r2=nan 	| acc_iid=0.00000 	| acc_ood=0.00000 	| nmse_test=10.0 	| true_equation_set_count=0 	| s/it=224.34044
Genetic Porgramming Runtime 125.55870762094855

=========================PGD Collection Starts=========================

(20000,)

===================Collect 20000 Examples===================

Epsilon 0.1
500
(550,)
(550,)
(55,)
Number of Programs for Minimization: 30
30
(100000, 6)
(100000,)
(100000, 6)
(100000,)

=======================Successfully Added (0,) Counter Examples=======================


============None of the candidates fulfill the conditions. Training CONTINUES!=================


============None of the candidates fulfill the conditions. Training CONTINUES!=================

(55, 318)

==============Start Supervised Learning==============

GP output mean: 0.9940936057186727
GP output success rate: 0.0

==============End Supervised Learning==============

[Test epoch=0133]  nevals=1827513 	| train_loss=47.74070 	| eqs_invalid %=0.00 	| r_best=0.78397 	| quantile=0.00905 	| r_quantile_mean=0.01177 	| r_raw_sum=2.55113 	|  r_raw_mean=0.00464 	| r2=nan 	| acc_iid=0.00000 	| acc_ood=0.00000 	| nmse_test=10.0 	| true_equation_set_count=0 	| s/it=242.22826
Genetic Porgramming Runtime 121.81811108067632

=========================PGD Collection Starts=========================

(20000,)

===================Collect 20000 Examples===================

Epsilon 0.1
500
(550,)
(550,)
(56,)
Number of Programs for Minimization: 53
53
(100000, 6)
(100000,)
(100000, 6)
(100000,)

=======================Successfully Added (0,) Counter Examples=======================


============None of the candidates fulfill the conditions. Training CONTINUES!=================


============None of the candidates fulfill the conditions. Training CONTINUES!=================

(56, 318)

==============Start Supervised Learning==============

GP output mean: 0.9966373598038972
GP output success rate: 0.0

==============End Supervised Learning==============

[Test epoch=0134]  nevals=1841309 	| train_loss=147.72394 	| eqs_invalid %=0.00 	| r_best=0.78397 	| quantile=0.01672 	| r_quantile_mean=0.02020 	| r_raw_sum=4.78207 	|  r_raw_mean=0.00869 	| r2=nan 	| acc_iid=0.00000 	| acc_ood=0.00000 	| nmse_test=10.0 	| true_equation_set_count=0 	| s/it=230.02173
Genetic Porgramming Runtime 123.95928792096674

=========================PGD Collection Starts=========================

(20000,)

===================Collect 20000 Examples===================

Epsilon 0.1
500
(550,)
(550,)
(60,)
Number of Programs for Minimization: 35
35
(100000, 6)
(100000,)
(100000, 6)
(100000,)

=======================Successfully Added (0,) Counter Examples=======================


============None of the candidates fulfill the conditions. Training CONTINUES!=================


============None of the candidates fulfill the conditions. Training CONTINUES!=================

(60, 318)

==============Start Supervised Learning==============

GP output mean: 0.9918045206733019
GP output success rate: 0.0

==============End Supervised Learning==============

[Test epoch=0135]  nevals=1854953 	| train_loss=inf 	| eqs_invalid %=0.00 	| r_best=0.78397 	| quantile=0.01840 	| r_quantile_mean=0.02134 	| r_raw_sum=5.48522 	|  r_raw_mean=0.00997 	| r2=nan 	| acc_iid=0.00000 	| acc_ood=0.00000 	| nmse_test=10.0 	| true_equation_set_count=0 	| s/it=230.68400
[00:08:08:15.22] Training epoch 135/4000, current best R: 0.7840
Genetic Porgramming Runtime 107.26209302432835

=========================PGD Collection Starts=========================


===================Collect 17805 Examples===================

Epsilon 0.1
500
(550,)
(550,)
(59,)
Number of Programs for Minimization: 42
42
(100000, 6)
(100000,)
(100000, 6)
(100000,)

=======================Successfully Added (0,) Counter Examples=======================


============None of the candidates fulfill the conditions. Training CONTINUES!=================


============None of the candidates fulfill the conditions. Training CONTINUES!=================

(59, 318)

==============Start Supervised Learning==============

GP output mean: 0.2923388134647017
GP output success rate: 0.0

==============End Supervised Learning==============

[Test epoch=0136]  nevals=1868696 	| train_loss=inf 	| eqs_invalid %=0.00 	| r_best=0.78397 	| quantile=0.01943 	| r_quantile_mean=0.02276 	| r_raw_sum=5.81568 	|  r_raw_mean=0.01057 	| r2=nan 	| acc_iid=0.00000 	| acc_ood=0.00000 	| nmse_test=10.0 	| true_equation_set_count=0 	| s/it=201.80528
Genetic Porgramming Runtime 154.08898338489234

=========================PGD Collection Starts=========================

(20000,)

===================Collect 20000 Examples===================

Epsilon 0.1
500
(550,)
(550,)
(66,)
Number of Programs for Minimization: 30
30
(100000, 6)
(100000,)
(100000, 6)
(100000,)

=======================Successfully Added (0,) Counter Examples=======================


============None of the candidates fulfill the conditions. Training CONTINUES!=================


============None of the candidates fulfill the conditions. Training CONTINUES!=================

(66, 318)

==============Start Supervised Learning==============

GP output mean: 0.9921703976836426
GP output success rate: 0.0

==============End Supervised Learning==============

[Test epoch=0137]  nevals=1882631 	| train_loss=inf 	| eqs_invalid %=0.00 	| r_best=0.78397 	| quantile=0.01537 	| r_quantile_mean=0.01982 	| r_raw_sum=4.67672 	|  r_raw_mean=0.00850 	| r2=nan 	| acc_iid=0.00000 	| acc_ood=0.00000 	| nmse_test=10.0 	| true_equation_set_count=0 	| s/it=261.09864
Genetic Porgramming Runtime 126.86557767353952

=========================PGD Collection Starts=========================

(20000,)

===================Collect 20000 Examples===================

Epsilon 0.1
500
(550,)
(550,)
(57,)
Number of Programs for Minimization: 36
36
(100000, 6)
(100000,)
(100000, 6)
(100000,)

=======================Successfully Added (0,) Counter Examples=======================


============None of the candidates fulfill the conditions. Training CONTINUES!=================


============None of the candidates fulfill the conditions. Training CONTINUES!=================

(57, 318)

==============Start Supervised Learning==============

GP output mean: 0.998374134826017
GP output success rate: 0.0

==============End Supervised Learning==============

[Test epoch=0138]  nevals=1896395 	| train_loss=inf 	| eqs_invalid %=0.00 	| r_best=0.78397 	| quantile=0.01318 	| r_quantile_mean=0.01756 	| r_raw_sum=3.72536 	|  r_raw_mean=0.00677 	| r2=nan 	| acc_iid=0.00000 	| acc_ood=0.00000 	| nmse_test=10.0 	| true_equation_set_count=0 	| s/it=236.75400
Genetic Porgramming Runtime 167.05089627206326

=========================PGD Collection Starts=========================

(20000,)

===================Collect 20000 Examples===================

Epsilon 0.1
500
(550,)
(550,)
(56,)
Number of Programs for Minimization: 28
28
(100000, 6)
(100000,)
(100000, 6)
(100000,)

=======================Successfully Added (0,) Counter Examples=======================


============None of the candidates fulfill the conditions. Training CONTINUES!=================


============None of the candidates fulfill the conditions. Training CONTINUES!=================

(56, 318)

==============Start Supervised Learning==============

GP output mean: 0.9913827786234269
GP output success rate: 0.0

==============End Supervised Learning==============

[Test epoch=0139]  nevals=1910140 	| train_loss=inf 	| eqs_invalid %=0.00 	| r_best=0.78397 	| quantile=0.01402 	| r_quantile_mean=0.01848 	| r_raw_sum=3.83084 	|  r_raw_mean=0.00697 	| r2=nan 	| acc_iid=0.00000 	| acc_ood=0.00000 	| nmse_test=10.0 	| true_equation_set_count=0 	| s/it=281.17286
Genetic Porgramming Runtime 118.0787915289402

=========================PGD Collection Starts=========================

(20000,)

===================Collect 20000 Examples===================

Epsilon 0.1
500
(550,)
(550,)
(68,)
Number of Programs for Minimization: 35
35
(100000, 6)
(100000,)
(100000, 6)
(100000,)

=======================Successfully Added (0,) Counter Examples=======================


============None of the candidates fulfill the conditions. Training CONTINUES!=================


============None of the candidates fulfill the conditions. Training CONTINUES!=================

(68, 318)

==============Start Supervised Learning==============

GP output mean: 0.998873275807318
GP output success rate: 0.0

==============End Supervised Learning==============

[Test epoch=0140]  nevals=1923884 	| train_loss=188.06572 	| eqs_invalid %=0.00 	| r_best=0.78397 	| quantile=0.01518 	| r_quantile_mean=0.01914 	| r_raw_sum=4.39145 	|  r_raw_mean=0.00798 	| r2=nan 	| acc_iid=0.00000 	| acc_ood=0.00000 	| nmse_test=10.0 	| true_equation_set_count=0 	| s/it=232.93343
[00:08:28:28.99] Training epoch 140/4000, current best R: 0.7840
Genetic Porgramming Runtime 154.98361171595752

=========================PGD Collection Starts=========================

(20000,)

===================Collect 20000 Examples===================

Epsilon 0.1
500
(550,)
(550,)
(58,)
Number of Programs for Minimization: 58
58
(100000, 6)
(100000,)
(100000, 6)
(100000,)

=======================Successfully Added (0,) Counter Examples=======================


============None of the candidates fulfill the conditions. Training CONTINUES!=================


============None of the candidates fulfill the conditions. Training CONTINUES!=================

(58, 318)

==============Start Supervised Learning==============

GP output mean: 0.987138467759508
GP output success rate: 0.0

==============End Supervised Learning==============

[Test epoch=0141]  nevals=1937739 	| train_loss=inf 	| eqs_invalid %=0.00 	| r_best=0.78397 	| quantile=0.02286 	| r_quantile_mean=0.02304 	| r_raw_sum=5.25378 	|  r_raw_mean=0.00955 	| r2=nan 	| acc_iid=0.00000 	| acc_ood=0.00000 	| nmse_test=10.0 	| true_equation_set_count=0 	| s/it=268.65157
Genetic Porgramming Runtime 85.01147041656077

=========================PGD Collection Starts=========================

(20000,)

===================Collect 20000 Examples===================

Epsilon 0.1
500
(550,)
(550,)
(58,)
Number of Programs for Minimization: 50
50
(100000, 6)
(100000,)
(100000, 6)
(100000,)

=======================Successfully Added (0,) Counter Examples=======================


============None of the candidates fulfill the conditions. Training CONTINUES!=================


============None of the candidates fulfill the conditions. Training CONTINUES!=================

(58, 318)

==============Start Supervised Learning==============

GP output mean: 0.9498814777967032
GP output success rate: 0.0

==============End Supervised Learning==============

[Test epoch=0142]  nevals=1951477 	| train_loss=102.16656 	| eqs_invalid %=0.00 	| r_best=0.78397 	| quantile=0.01885 	| r_quantile_mean=0.02259 	| r_raw_sum=5.45578 	|  r_raw_mean=0.00992 	| r2=nan 	| acc_iid=0.00000 	| acc_ood=0.00000 	| nmse_test=10.0 	| true_equation_set_count=0 	| s/it=192.55524
Genetic Porgramming Runtime 116.76375399529934

=========================PGD Collection Starts=========================

(20000,)

===================Collect 20000 Examples===================

Epsilon 0.1
500
(550,)
(550,)
(70,)
Number of Programs for Minimization: 44
44
(100000, 6)
(100000,)
(100000, 6)
(100000,)

=======================Successfully Added (0,) Counter Examples=======================


============None of the candidates fulfill the conditions. Training CONTINUES!=================


============None of the candidates fulfill the conditions. Training CONTINUES!=================

(70, 318)

==============Start Supervised Learning==============

GP output mean: 0.9593082118746695
GP output success rate: 0.0

==============End Supervised Learning==============

[Test epoch=0143]  nevals=1965194 	| train_loss=74.03874 	| eqs_invalid %=0.00 	| r_best=0.78397 	| quantile=0.01519 	| r_quantile_mean=0.01954 	| r_raw_sum=4.50541 	|  r_raw_mean=0.00819 	| r2=nan 	| acc_iid=0.00000 	| acc_ood=0.00000 	| nmse_test=10.0 	| true_equation_set_count=0 	| s/it=228.24386
Genetic Porgramming Runtime 145.63311827927828

=========================PGD Collection Starts=========================

(20000,)

===================Collect 20000 Examples===================

Epsilon 0.1
500
(550,)
(550,)
(55,)
Number of Programs for Minimization: 29
29
(100000, 6)
(100000,)
(100000, 6)
(100000,)

=======================Successfully Added (0,) Counter Examples=======================


============None of the candidates fulfill the conditions. Training CONTINUES!=================


============None of the candidates fulfill the conditions. Training CONTINUES!=================

(55, 318)

==============Start Supervised Learning==============

GP output mean: 0.9949968120981176
GP output success rate: 0.0

==============End Supervised Learning==============

[Test epoch=0144]  nevals=1978850 	| train_loss=inf 	| eqs_invalid %=0.00 	| r_best=0.78397 	| quantile=0.01153 	| r_quantile_mean=0.01549 	| r_raw_sum=3.17511 	|  r_raw_mean=0.00577 	| r2=nan 	| acc_iid=0.00000 	| acc_ood=0.00000 	| nmse_test=10.0 	| true_equation_set_count=0 	| s/it=274.91241
Genetic Porgramming Runtime 134.76511933282018

=========================PGD Collection Starts=========================

(20000,)

===================Collect 20000 Examples===================

Epsilon 0.1
500
(550,)
(550,)
(62,)
Number of Programs for Minimization: 30
30
(100000, 6)
(100000,)
(100000, 6)
(100000,)

=======================Successfully Added (0,) Counter Examples=======================


============None of the candidates fulfill the conditions. Training CONTINUES!=================


============None of the candidates fulfill the conditions. Training CONTINUES!=================

(62, 318)

==============Start Supervised Learning==============

GP output mean: 0.9804694322307018
GP output success rate: 0.0

==============End Supervised Learning==============

[Test epoch=0145]  nevals=1992499 	| train_loss=inf 	| eqs_invalid %=0.00 	| r_best=0.78397 	| quantile=0.00814 	| r_quantile_mean=0.01137 	| r_raw_sum=2.70950 	|  r_raw_mean=0.00493 	| r2=nan 	| acc_iid=0.00000 	| acc_ood=0.00000 	| nmse_test=10.0 	| true_equation_set_count=0 	| s/it=270.22991
[00:08:49:03.58] Training epoch 145/4000, current best R: 0.7840
Genetic Porgramming Runtime 107.0989760439843

=========================PGD Collection Starts=========================

(20000,)

===================Collect 20000 Examples===================

Epsilon 0.1
500
(550,)
(550,)
(55,)
Number of Programs for Minimization: 28
28
(100000, 6)
(100000,)
(100000, 6)
(100000,)

=======================Successfully Added (0,) Counter Examples=======================


============None of the candidates fulfill the conditions. Training CONTINUES!=================


============None of the candidates fulfill the conditions. Training CONTINUES!=================

(55, 318)

==============Start Supervised Learning==============

GP output mean: 0.12348646599306921
GP output success rate: 0.0

==============End Supervised Learning==============

[Test epoch=0146]  nevals=2006296 	| train_loss=inf 	| eqs_invalid %=0.00 	| r_best=0.78397 	| quantile=0.00916 	| r_quantile_mean=0.02603 	| r_raw_sum=3.47022 	|  r_raw_mean=0.00631 	| r2=nan 	| acc_iid=0.00000 	| acc_ood=0.00000 	| nmse_test=10.0 	| true_equation_set_count=0 	| s/it=226.97866
-- RUNNING EPOCHS END ---------------

-- EVALUATION START ----------------
Saving Hall of Fame to ./log/fn_d_all_6dc_5_2026-09-09-130421_5/dso_fn_d_all_6dc_5_13_hof.csv
Saving Pareto Front to ./log/fn_d_all_6dc_5_2026-09-09-130421_5/dso_fn_d_all_6dc_5_13_pf.csv
Invalid expressions: 956 of 2006296 (0.0%).
Error type counts:
  square: 956 (100.0%)
Error node counts:
  underflow: 956 (100.0%)

Priority queue entry 0:
	Reward: 0.7839689140407066
	Count Off-policy: 1
	Count On-policy: 0
	Originally on Policy: False
	Invalid: False
	Traversal: n2,n2,n2,n2,add,n2,add,add,x2,n2,n2,add,x1,x3,x6,add,x1,add,x4,x1
	Expression:

	                                       16
	  ⎛                                  2⎞  
	  ⎜            ⎛                   4⎞ ⎟  
	  ⎝2⋅x₁ + x₄ + ⎝x₂ + x₆ + (x₁ + x₃) ⎠ ⎠  


Priority queue entry 1:
	Reward: 0.6810398679121695
	Count Off-policy: 1
	Count On-policy: 0
	Originally on Policy: False
	Invalid: False
	Traversal: n2,n2,n2,add,add,n2,n2,x5,n2,add,add,x1,n2,add,x1,x3,n2,x2,x6
	Expression:

	                                       8
	  ⎛                                  2⎞ 
	  ⎜  4        ⎛       2            2⎞ ⎟ 
	  ⎝x₅  + x₆ + ⎝x₁ + x₂  + (x₁ + x₃) ⎠ ⎠ 


Priority queue entry 2:
	Reward: 0.5258541730928799
	Count Off-policy: 1
	Count On-policy: 0
	Originally on Policy: False
	Invalid: False
	Traversal: n2,n2,n2,add,x6,add,x5,add,x4,n2,add,x1,n2,add,n2,add,n2,x2,x1,x1
	Expression:

	                                              8
	  ⎛                                         2⎞ 
	  ⎜               ⎛                       2⎞ ⎟ 
	  ⎜               ⎜     ⎛               2⎞ ⎟ ⎟ 
	  ⎜               ⎜     ⎜     ⎛       2⎞ ⎟ ⎟ ⎟ 
	  ⎝x₄ + x₅ + x₆ + ⎝x₁ + ⎝x₁ + ⎝x₁ + x₂ ⎠ ⎠ ⎠ ⎠ 


Priority queue entry 3:
	Reward: 0.2814709088800366
	Count Off-policy: 1
	Count On-policy: 0
	Originally on Policy: False
	Invalid: False
	Traversal: n2,n2,add,n2,x5,n2,add,add,x4,n2,add,x1,n2,add,x1,x3,add,x6,n2,x2
	Expression:

	                                               4
	  ⎛                                          2⎞ 
	  ⎜      ⎛                                 2⎞ ⎟ 
	  ⎜  2   ⎜  2             ⎛              2⎞ ⎟ ⎟ 
	  ⎝x₅  + ⎝x₂  + x₄ + x₆ + ⎝x₁ + (x₁ + x₃) ⎠ ⎠ ⎠ 


Priority queue entry 4:
	Reward: 0.1753941204679165
	Count Off-policy: 1
	Count On-policy: 0
	Originally on Policy: False
	Invalid: False
	Traversal: n2,n2,n2,add,n2,x2,add,x5,n2,add,n2,x6,add,add,n2,x1,n2,x3,n2,x4
	Expression:

	                                       8
	  ⎛                                  2⎞ 
	  ⎜  2        ⎛  2     2     2     2⎞ ⎟ 
	  ⎝x₂  + x₅ + ⎝x₁  + x₃  + x₄  + x₆ ⎠ ⎠ 


Priority queue entry 5:
	Reward: 0.1123850048728478
	Count Off-policy: 1
	Count On-policy: 0
	Originally on Policy: False
	Invalid: False
	Traversal: n2,add,add,add,n2,n2,x5,n2,n2,x6,n2,n2,x4,add,n2,n2,x1,n2,n2,x3
	Expression:

	                               2
	  ⎛  4     4     4     4     4⎞ 
	  ⎝x₁  + x₃  + x₄  + x₅  + x₆ ⎠ 


Priority queue entry 6:
	Reward: 0.07370958381529517
	Count Off-policy: 0
	Count On-policy: 1
	Originally on Policy: True
	Invalid: False
	Traversal: add,x5,n2,add,add,x6,add,x2,add,x4,x1,x1
	Expression:

	                            2
	  x₅ + (2⋅x₁ + x₂ + x₄ + x₆) 


Priority queue entry 7:
	Reward: 0.06493888065123213
	Count Off-policy: 1
	Count On-policy: 0
	Originally on Policy: False
	Invalid: False
	Traversal: n2,n2,n2,add,x6,add,x5,n2,add,x3,add,x1,add,x4,n2,add,n2,x1,x2
	Expression:

	                                           8
	  ⎛                                      2⎞ 
	  ⎜          ⎛                         2⎞ ⎟ 
	  ⎜          ⎜               ⎛  2     ⎞ ⎟ ⎟ 
	  ⎝x₅ + x₆ + ⎝x₁ + x₃ + x₄ + ⎝x₁  + x₂⎠ ⎠ ⎠ 


Priority queue entry 8:
	Reward: 0.0624987455201894
	Count Off-policy: 0
	Count On-policy: 1
	Originally on Policy: True
	Invalid: False
	Traversal: add,n2,x5,add,x2,add,n2,x1,n2,add,x4,add,x1,x2
	Expression:

	    2          2                 2
	  x₁  + x₂ + x₅  + (x₁ + x₂ + x₄) 


Priority queue entry 9:
	Reward: 0.060065365676356966
	Count Off-policy: 1
	Count On-policy: 0
	Originally on Policy: False
	Invalid: False
	Traversal: n2,n2,n2,add,n2,n2,x5,add,x6,n2,add,add,n2,x1,x3,n2,add,x2,x1
	Expression:

	                                       8
	  ⎛                                  2⎞ 
	  ⎜  4        ⎛  2                 2⎞ ⎟ 
	  ⎝x₅  + x₆ + ⎝x₁  + x₃ + (x₁ + x₂) ⎠ ⎠ 

-- EVALUATION END ------------------
== TRAINING SEED 13 END ==============

== POST-PROCESS START =================
-- LOADING LOGS START ----------------
Successfully loaded Hall of Fame data
Successfully loaded Pareto Front data
*** WARNING:
    --> Can't load summary: [Errno 2] No such file or directory: './log/fn_d_all_6dc_5_2026-09-09-130421_5/summary.csv'
-- LOADING LOGS END ------------------

-- ANALYZING LOG START --------------
Task_____________regression
Source path______./log/fn_d_all_6dc_5_2026-09-09-130421_5
Runs_____________N/A
Max Samples/run__2000000
Found issues:
  0
Hall of Fame (Top 5 of 100)____
    0: S=013 R=0.874294 <-- [(x1**2 + x5 + x6 + (x2 + x4)**2 + (x3**2 + x3)**2)**8]
    1: S=013 R=0.872260 <-- [(x6 + (x3 + (x5 + (x1 + x2)**2 + (x3 + x4)**2)**2)**2)**8]
    2: S=013 R=0.869838 <-- [(x5 + x6 + (x1 + x3 + x4 + (x2 + x4**2)**2)**2)**16]
    3: S=013 R=0.869838 <-- [(x5 + x6 + (x1 + x3 + x4 + (x2 + x4**2)**2)**2)**16]
    4: S=013 R=0.869725 <-- [(x5 + x6 + (x1 + x2)**2 + (x4 + (x3 + x5)**2)**2)**16]
Pareto Front (5 of 8)____
    0: S=013 R=0.874294 C=20.00 <-- [(x1**2 + x5 + x6 + (x2 + x4)**2 + (x3**2 + x3)**2)**8]
    1: S=013 R=0.866855 C=18.00 <-- [(x3**2 + x4**2 + x5 + x6 + (x1 + x2)**2)**16]
    2: S=013 R=0.866572 C=17.00 <-- [(x5 + x6 + (x2 + x4 + (x1**2 + x3)**2)**2)**8]
    3: S=013 R=0.845696 C=16.00 <-- [(x5 + x6 + (x2 + x4 + (x1 + x3)**2)**2)**8]
    4: S=013 R=0.794050 C=15.00 <-- [(x1**2 + x5 + x6 + (x3 + x4)**2)**16]
-- ANALYZING LOG END ----------------
== POST-PROCESS END ===================
[TEST RESULT] {'seed': 5, 'r': 0.7839689140407066, 'nmse_test': 10.0, 'nmse_test_noiseless': 10.0, 'success': False, 'expression': '[(2*x1 + x4 + (x2 + x6 + (x1 + x3)**4)**2)**16]', 'traversal': 'n2,n2,n2,n2,add,n2,add,add,x2,n2,n2,add,x1,x3,x6,add,x1,add,x4,x1', 'program': n2,n2,n2,n2,add,n2,add,add,x2,n2,n2,add,x1,x3,x6,add,x1,add,x4,x1, 'error_square': 956, 'error_node_underflow': 956, 'n_epochs': 146, 'n_samples': 2006296, 'n_cached': 622264, 't': 31978.72937822342, 'baseline': 'transformer', 'run_seed': 5, 'dataset': 'fn_d_all_6dc_5'}
INFO: Completed run 1 of 1 in 31979 s | LATEST TEST_RESULT {'seed': 5, 'r': 0.7839689140407066, 'nmse_test': 10.0, 'nmse_test_noiseless': 10.0, 'success': False, 'expression': '[(2*x1 + x4 + (x2 + x6 + (x1 + x3)**4)**2)**16]', 'traversal': 'n2,n2,n2,n2,add,n2,add,add,x2,n2,n2,add,x1,x3,x6,add,x1,add,x4,x1', 'program': n2,n2,n2,n2,add,n2,add,add,x2,n2,n2,add,x1,x3,x6,add,x1,add,x4,x1, 'error_square': 956, 'error_node_underflow': 956, 'n_epochs': 146, 'n_samples': 2006296, 'n_cached': 622264, 't': 31978.72937822342, 'baseline': 'transformer', 'run_seed': 5, 'dataset': 'fn_d_all_6dc_5'}
